Workbook

Sheet راهنمای نسخه v39
A1: نتیجه بررسی v39
A2: فایل مبنا v38 دست نخورده است. این نسخه تکمیل محاسبات است، نه ادعای تکمیل همه اسناد.
A3: موضوع | B3: نتیجه | C3: توضیح | D3: منبع یا روش
A4: وضعیت اجرا | B4: محاسبات تکمیل؛ اسناد ناقص | C4: CR1A بازسازی محاسباتی شد و خروجی ها همگام شدند. سه پرونده سندی هنوز باز هستند. | D4: Gap Review v39
A5: پوشش عددی تغییر رئیس | B5: ='CR1A v39'!B38&" از "&'CR1A v39'!B44 -> 27 از 30 | C5: شامل همه کدهای موجود صفر و یک، حتی فملی که تعارض باز دارد. | D5: CR1A v39؛ ستون C
A6: پوشش محافظه کارانه | B6: ='CR1A v39'!B39&" از "&'CR1A v39'!B44 -> 26 از 30 | C6: بدون تعارض باز ثبت شده؛ تایید مستقل جدید همه منابع نیست. این عدد به جدول استاد منتقل شده است. | D6: CR1A v39؛ ستون F
A7: موارد خارج از مجموعه محافظه کارانه | B7: فملی، رمپنا، وپاسار، حکشتی | C7: فملی متعارض است؛ سه شرکت دیگر نامشخص هستند. هیچ کدام صفرگذاری نشده اند. | D7: CR1A v39؛ ستون های D و M
A8: وتجارت | B8: نیازمند سند خروج | C8: مقدار قبلی ۲۰ درصد با پرچم بررسی حفظ شد. تفاوت فهرست فارسی و انگلیسی بانک تاریخ خروج را مشخص نمی کند. | D8: V39S01؛ V39S02؛ Gap Review v39
A9: وپاسار | B9: گزارش 1526305 سرنخ تازه | C9: فراداده گزارش کنترل های داخلی دوره ۱۴۰۴ پیدا شد؛ متن گزارش و فهرست اعضا دریافت نشد. | D9: V39S04؛ target_filings.json
A10: حکشتی | B10: دو نام تاریخی؛ ترکیب ناقص | C10: فهرست انجمن نام مدیرعامل و رئیس را دارد اما نمایندگان پنج کرسی را در دو نقطه تعیین نمی کند. | D10: V39S05
A11: تغییر داده خام | B11: هیچ مقدار خام گردش تغییر نکرد | C11: ورودی های عددی و ستون تغییر رئیس در Turnover نهایی عینا حفظ شدند؛ اصلاحات در محاسبات، کنترل ها، پوشش و یادداشت ها است. | D11: Changes v39 و کنترل مقایسه خودکار
A12: حساسیت جم | B12: تاریخ موثر در برابر انتشار | C12: کد اصلی تغییر رئیس یک است؛ مبنای انتشار طبق یادداشت v38 می تواند آن را صفر کند. این تفاوت در مدل تجربی باید صریح باشد. | D12: CR1A v39؛ ردیف جم
A13: جهت CR1A | B13: کنترلی؛ خارج شاخص ترکیبی | C13: تغییر رئیس به صورت پیش فرض خوب یا بد تفسیر نمی شود. | D13: جدول استاد؛ معماری به روز شده
A14: فرمول های ورودی تاریخی | B14: محافظ عددی و هشدار صریح | C14: ۳۶ فرمول Audit Coverage بر عنوان متنی تقسیم یا تفریق می کردند. محاسبه نامعتبر تا بازیابی عدد تاریخی خالی است و پرچم دارد. | D14: Audit Coverage ستون M؛ Changes v39
A15: بازمحاسبه فایل | B15: محاسبه و ذخیره نتیجه انجام شد | C15: همه فرمول ها بازمحاسبه و مقادیر محاسبه شده در فایل ذخیره شد؛ خطای محاسباتی باقی مانده صفر است. پنج نرخ اصلی نیز مستقل از موتور محاسبات کنترل شدند. | D15: QA v39
A16: سابقه ممیزی | B16: حفظ شده | C16: برگه های ممیزی قدیمی تاریخچه پروژه اند. به جز سلول های ثبت شده در Changes v39، ادعای به روز شدن کامل آن برگه ها نداریم. | D16: Changes v39
A17: محدودیت دسترسی | B17: متن اسناد جدید کدال دریافت نشد | C17: خطای دسترسی به معنی نبود یا منتشر نشدن سند نیست. فقط متن جستجو و فراداده در دسترس استفاده شد. | D17: Sources v39؛ fetch_log.json

Sheet Gap Review v39
A1: نتیجه چهار کار در v39
A2: تکمیل محاسبات انجام شد؛ سه پرونده سندی هنوز بسته نشده اند. هیچ داده خام حدسی وارد نشده است.
A3: موضوع | B3: نتیجه | C3: یافته تازه یا کنترل انجام شده | D3: اثر بر داده | E3: چرا هنوز محدودیت دارد | F3: سند لازم یا مسیر بعدی | G3: منابع
A4: CR1A | B4: بازمحاسبه انجام شد | C4: ۳۰ ردیف کنترل شد؛ ۲۷ کد موجود، ۲۶ مورد بدون تعارض باز ثبت شده، سه نامشخص و یک تعارض فملی. هویت رئیس برای هشت شرکت از بازسازی v38 تطبیق داده شد. | D4: جدول استاد، معماری و برگه های وابسته با پوشش محافظه کارانه همگام شدند. | E4: ۲۶ مورد به معنی بازخوانی مستقل همه اسناد در v39 نیست. حساسیت تاریخ انتشار جم حفظ شد. | F4: بستن تعارض فملی و تکمیل هویت رئیس در رمپنا، وپاسار و حکشتی؛ این موارد صفر نیستند. | G4: CR1A v39؛ V39S10
A5: وتجارت | B5: حل جزئی؛ سند خروج پیدا نشد | C5: نسخه فارسی رسمی چهار نام و نسخه انگلیسی پنج نام شامل شریفیان دارد. این اختلاف ثبت شد. | D5: گردش فردی ۱ از ۵ بدون تغییر و با برچسب نیازمند بررسی باقی ماند؛ تغییر رئیس صفر با محدودیت قبلی. | E5: صفحات بدون تاریخ موثر سند خروج نیستند؛ تعارض نسخه اولیه و اصلاحیه در v38 هنوز نیازمند سند است. | F5: صورتجلسه خروج یا اعلام رسمی تاریخ پایان عضویت شریفیان و تطبیق با اصلاحیه 1444154. | G5: V39S01، V39S02، V39S03، V39S06
A6: وپاسار | B6: حل نشد؛ سرنخ تازه ثبت شد | C6: در فهرست پروژه گزارش کنترل های داخلی پایان ۱۴۰۴ با ردیابی 1526305 و انتشار ۱۴۰۵/۰۲/۲۷ پیدا شد. | D6: هیچ نام یا مقدار گردش از فراداده استخراج نشد؛ داده ۱۴۰۴ همچنان نامشخص است. | E6: متن گزارش و نام امضاکنندگان دریافت نشد. اختلاف پایه هفت نفره با پنج نفره نیز حل نشده است. | F6: دریافت گزارش 1526305 و بررسی امضاها در کنار گزارش فعالیت، صورتجلسه و تاریخ موثر عضویت؛ یک فهرست فعلی کافی نیست. | G6: V39S04، V39S08، V39S09
A7: حکشتی | B7: حل نشد؛ شناسایی تاریخی محدود | C7: فهرست انجمن در ۱۴۰۳/۱۰/۱۷ نام مدرس خیابانی به عنوان مدیرعامل و علی مسیبی بهروز به عنوان رئیس را دارد. | D7: هیچ نماینده ای به کرسی حقوقی منتسب نشد؛ گردش فردی و تغییر رئیس همچنان نامشخص هستند. | E7: دو نام تاریخی جایگزین پنج نماینده در دو نقطه مشترک نیست و منبع، صفحه رسمی خود ناشر نیست. | F7: صورتجلسه تعیین سمت یا صفحه رسمی تاریخ دار همراه با تطبیق هر نماینده با شخص حقوقی در دو نقطه. | G7: V39S05، V39S07، V39S09

Sheet CR1A v39
A1: بازمحاسبه و تفکیک وضعیت CR1A
A2: پنجره مشترک ۱۴۰۳/۱۲/۲۹ تا ۱۴۰۴/۱۲/۲۹؛ پوشش عددی با کفایت شواهد یکسان نیست. مقادیر قبلی بدون سند تازه تغییر نکرده اند.
A3: شرکت | B3: ورودی متنی v38 | C3: کد عددی موجود | D3: وضعیت شواهد | E3: ورود به شمارش محافظه کارانه | F3: کد قابل استفاده با محدودیت | G3: رئیس در مبنا | H3: رئیس در پایان | I3: روش بررسی | J3: ارجاع و ردیابی | K3: نشانی منابع | L3: حساسیت تاریخ انتشار | M3: دلیل فقدان یا تعارض | N3: یادداشت | O3: کنترل یکتایی
A4: فملی | B4: ='Turnover نهایی'!V4 -> خیر | C4: =IF(B4="بله",1,IF(B4="خیر",0,"")) -> 0 | D4: NEEDS_REVIEW | E4: خیر | F4: =IF(AND(E4="بله",ISNUMBER(C4)),C4,"") | I4: حفظ پرچم تعارض قبلی؛ بدون حدس درباره نام رئیس یا جهت تغییر. | J4: Iran_BSI_v33_Phase4_2K_FinalTurnoverClosure.xlsx | برگه های گردش اشخاص حقیقی، تغییر نماینده، تغییر شخص حقوقی، اعضای جدید، ثبات هیئت و تغییر رئیس | K4: برای ردیابی پایه به فایل v33 و Source_IDهای همان فاز مراجعه شود | M4: COULD_NOT_VERIFY | N4: تعارض تاریخی CR1A در Conflict Log C04 و Audit فرمول ها باقی است. v38 این شرکت را بازسازی نکرده؛ مقدار خام خیر حفظ شد اما از پوشش محافظه کارانه کنار گذاشته شد. | O4: =IF(COUNTIF($A$4:A4,A4)=1,1,0) -> 1
A5: تاپیکو | B5: ='Turnover نهایی'!V5 -> بله | C5: =IF(B5="بله",1,IF(B5="خیر",0,"")) -> 1 | D5: V38_CONFIRMED | E5: بله | F5: =IF(AND(E5="بله",ISNUMBER(C5)),C5,"") -> 1 | G5: جعفر ربیعی | H5: محمدمهدی رحمتی | I5: مقایسه هویت رئیس در دو نقطه از بازسازی سطح کرسی v38؛ عدم تغییر سایر سمت ها ملاک نیست. | J5: Turnover Seat Reconstruction؛ 1311653 / 1477918 | K5: https://www.codal.ir/Reports/Decision.aspx?LetterSerial=QijK3OnJnjtoOOObOOOYV1GqeqyQ%3d%3d&rt=2&let=19&ct=0&ft=-1 https://www.codal.ir/Reports/Decision.aspx?LetterSerial=Exef5qCkFaU4GYSKSR3wjg%3d%3d&rt=2&let=19&ct=0&ft=-1 | N5: مبنای این مرحله شواهد مستند در فایل v38 است؛ دریافت مجدد مستقل اسناد کدال در این محیط ممکن نشد. | O5: =IF(COUNTIF($A$4:A5,A5)=1,1,0) -> 1
A6: فارس | B6: ='Turnover نهایی'!V6 -> بله | C6: =IF(B6="بله",1,IF(B6="خیر",0,"")) -> 1 | D6: INHERITED_WITH_LIMITATION | E6: بله | F6: =IF(AND(E6="بله",ISNUMBER(C6)),C6,"") -> 1 | I6: انتقال کنترل شده مقدار v38؛ تایید مجدد مستقل همه منابع این شرکت در v39 انجام نشده است. | J6: Iran_BSI_v33_Phase4_2K_FinalTurnoverClosure.xlsx | برگه های گردش اشخاص حقیقی، تغییر نماینده، تغییر شخص حقوقی، اعضای جدید، ثبات هیئت و تغییر رئیس | تایید تکمیلی در Iran_BSI_v31_Phase4_2I_MaximumMeasureRecovery.xlsx، شواهد خام | K6: برای ردیابی پایه به فایل v33 و Source_IDهای همان فاز مراجعه شود | N6: پذیرش به معنی نبود تعارض باز ثبت شده در فایل است؛ نه تایید مستقل کامل اسناد اولیه. | O6: =IF(COUNTIF($A$4:A6,A6)=1,1,0) -> 1
A7: خودرو | B7: ='Turnover نهایی'!V7 -> خیر | C7: =IF(B7="بله",1,IF(B7="خیر",0,"")) -> 0 | D7: V38_CONFIRMED | E7: بله | F7: =IF(AND(E7="بله",ISNUMBER(C7)),C7,"") -> 0 | G7: یوسف الهی شکیب | H7: یوسف الهی شکیب | I7: مقایسه هویت رئیس در دو نقطه از بازسازی سطح کرسی v38؛ عدم تغییر سایر سمت ها ملاک نیست. | J7: Turnover Seat Reconstruction؛ 1306740 / 1417850 | K7: https://www.codal.ir/Reports/Decision.aspx?LetterSerial=gVTCoHYs1M0v5mNrsaCDkA%3d%3d&rt=0&let=19&ct=0&ft=-1 https://www.codal.ir/Reports/Decision.aspx?LetterSerial=8qXiOOObOOOscQQQaQQQfIOkx3DWj8Uw1Q%3d%3d&rt=0&let=19&ct=0&ft=-1 | N7: مبنای این مرحله شواهد مستند در فایل v38 است؛ دریافت مجدد مستقل اسناد کدال در این محیط ممکن نشد. | O7: =IF(COUNTIF($A$4:A7,A7)=1,1,0) -> 1
A8: زاگرس | B8: ='Turnover نهایی'!V8 -> بله | C8: =IF(B8="بله",1,IF(B8="خیر",0,"")) -> 1 | D8: INHERITED_WITH_LIMITATION | E8: بله | F8: =IF(AND(E8="بله",ISNUMBER(C8)),C8,"") -> 1 | I8: انتقال کنترل شده مقدار v38؛ تایید مجدد مستقل همه منابع این شرکت در v39 انجام نشده است. | J8: SRC_ZGRS_1404_002 (p.26, FY1403) و SRC_ZGRS_1404_001 (p.26, FY1404) | بازخوانی کامل این فاز؛ بدون دانلود جدید Iran_BSI_v33_Phase4_2K_FinalTurnoverClosure.xlsx | تطبیق کرسی ها و شواهد خام | SRC_ZGRS_1404_002 و SRC_ZGRS_1404_001، صفحه ۲۶ | K8: برای ردیابی پایه به فایل v33 و Source_IDهای همان فاز مراجعه شود | N8: پذیرش به معنی نبود تعارض باز ثبت شده در فایل است؛ نه تایید مستقل کامل اسناد اولیه. | O8: =IF(COUNTIF($A$4:A8,A8)=1,1,0) -> 1
A9: شبندر | B9: ='Turnover نهایی'!V9 -> بله | C9: =IF(B9="بله",1,IF(B9="خیر",0,"")) -> 1 | D9: INHERITED_WITH_LIMITATION | E9: بله | F9: =IF(AND(E9="بله",ISNUMBER(C9)),C9,"") -> 1 | I9: انتقال کنترل شده مقدار v38؛ تایید مجدد مستقل همه منابع این شرکت در v39 انجام نشده است. | J9: SRC_SHBN_1404_007 | T19 اصلاحیه | جلسه هیئت مدیره ۱۴۰۳/۱۲/۲۷ | صفحه ۱ | Roster مستقیم ۱۴۰۳ SRC_SHBN_1404_003 | T19 | جلسه هیئت مدیره ۱۴۰۴/۱۰/۱۸ | صفحه ۱ | Roster مستقیم ۱۴۰۴ SRC_SHBN_1404_001 (p.55 56 کمیته حسابرسی، p.82 84 روستر هیئت‌مدیره) | بازخوانی جزئی این فاز با الگوی جستجوی عربی؛ بدون دانلود جدید | K9: https://www.codal.ir/Reports/Decision.aspx?LetterSerial=ULk65ZOHpAkFOOObOOOb3pLpblJQ%3d%3d&rt=0&let=19&ct=0&ft=-1 https://www.codal.ir/Reports/Decision.aspx?LetterSerial=kealwqnfPYdWwbR3UB9uZw%3d%3d&rt=0&let=19&ct=0&ft=-1 | N9: پذیرش به معنی نبود تعارض باز ثبت شده در فایل است؛ نه تایید مستقل کامل اسناد اولیه. | O9: =IF(COUNTIF($A$4:A9,A9)=1,1,0) -> 1
A10: پارس | B10: ='Turnover نهایی'!V10 -> بله | C10: =IF(B10="بله",1,IF(B10="خیر",0,"")) -> 1 | D10: INHERITED_WITH_LIMITATION | E10: بله | F10: =IF(AND(E10="بله",ISNUMBER(C10)),C10,"") -> 1 | I10: انتقال کنترل شده مقدار v38؛ تایید مجدد مستقل همه منابع این شرکت در v39 انجام نشده است. | J10: SRC_PARS_1404_008 | T19 | جلسه هیئت مدیره ۱۴۰۴/۰۱/۳۰ | صفحه ۱ | ستون نماینده قبلی برای بازسازی وضعیت نزدیک پایان ۱۴۰۳ SRC_PARS_1404_005 | T19 | جلسه هیئت مدیره ۱۴۰۴/۰۷/۲۶ | صفحه ۱ | آخرین Snapshot تاییدشده پیش از Cutoff ۱۴۰۴ در آرشیو | K10: https://www.codal.ir/Reports/Decision.aspx?LetterSerial=sjHofZygVLXICVj8iXL3Aw%3d%3d&rt=0&let=19&ct=0&ft=-1 https://www.codal.ir/Reports/Decision.aspx?LetterSerial=1kqm2T6e5zV5EQQQaQQQKdlIj9HA%3d%3d&rt=0&let=19&ct=0&ft=-1 | N10: پذیرش به معنی نبود تعارض باز ثبت شده در فایل است؛ نه تایید مستقل کامل اسناد اولیه. | O10: =IF(COUNTIF($A$4:A10,A10)=1,1,0) -> 1
A11: شتران | B11: ='Turnover نهایی'!V11 -> خیر | C11: =IF(B11="بله",1,IF(B11="خیر",0,"")) -> 0 | D11: INHERITED_WITH_LIMITATION | E11: بله | F11: =IF(AND(E11="بله",ISNUMBER(C11)),C11,"") -> 0 | I11: انتقال کنترل شده مقدار v38؛ تایید مجدد مستقل همه منابع این شرکت در v39 انجام نشده است. | J11: SRC_SHTR_1403_001 | گزارش فعالیت هیئت مدیره | دوره منتهی به ۱۴۰۳/۱۲/۳۰ | PDF صفحه ۱۶، چاپی ۱۴ | Roster مستقیم ۱۴۰۳ SRC_SHTR_1404_002 | گزارش فعالیت هیئت مدیره | دوره منتهی به ۱۴۰۴/۱۲/۲۹ | PDF صفحه ۱۷، چاپی ۱۵ | Roster مستقیم ۱۴۰۴ | K11: https://www.codal.ir/Reports/Attachment.aspx?LetterSerial=W3P2HVjIaDXFbdMemqSeUA%3d%3d https://www.codal.ir/Reports/Attachment.aspx?LetterSerial=F0veQQQaQQQX4tai7nAftHYyrDhg%3d%3d | N11: پذیرش به معنی نبود تعارض باز ثبت شده در فایل است؛ نه تایید مستقل کامل اسناد اولیه. | O11: =IF(COUNTIF($A$4:A11,A11)=1,1,0) -> 1
A12: وتجارت | B12: ='Turnover نهایی'!V12 -> خیر | C12: =IF(B12="بله",1,IF(B12="خیر",0,"")) -> 0 | D12: CHAIR_WITH_LIMITATION | E12: بله | F12: =IF(AND(E12="بله",ISNUMBER(C12)),C12,"") -> 0 | G12: مرتضی ترک‌تبریزی | H12: مرتضی ترک‌تبریزی | I12: مقایسه هویت رئیس در دو نقطه از بازسازی سطح کرسی v38؛ عدم تغییر سایر سمت ها ملاک نیست. | J12: Turnover Seat Reconstruction؛ 1159936 / 1444154 | K12: https://www.codal.ir/Reports/Decision.aspx?LetterSerial=OqEx%2bg3X3xQQQaQQQ1V8FTa1bU9w%3d%3d&rt=3&let=19&ct=0&ft=-1 https://www.codal.ir/Reports/Decision.aspx?LetterSerial=tL1npzfj3XSDR4oEqs1VIw%3d%3d&rt=3&let=19&ct=0&ft=-1 | N12: نام ترک تبریزی در هر دو نقطه بازسازی v38 یکسان است؛ ابهام تاریخ خروج شریفیان به صورت مستقل در گردش افراد باقی است. صفحات فارسی و انگلیسی بانک متفاوت اند. | O12: =IF(COUNTIF($A$4:A12,A12)=1,1,0) -> 1
A13: رمپنا | B13: ='Turnover نهایی'!V13 -> نامشخص | C13: =IF(B13="بله",1,IF(B13="خیر",0,"")) | D13: MISSING | E13: خیر | F13: =IF(AND(E13="بله",ISNUMBER(C13)),C13,"") | I13: انتقال کنترل شده مقدار v38؛ تایید مجدد مستقل همه منابع این شرکت در v39 انجام نشده است. | J13: SRC_RMPN_1404_011 | افشای نوع ۱۹، جلسه هیئت مدیره ۱۴۰۴/۰۲/۲۱ | بازسازی ۱۴۰۳ | صفحه ۱ | ستون نماینده قبلی برای بازسازی Cutoff ۱۴۰۳ استفاده شد SRC_RMPN_1404_008 | افشای نوع ۱۹، جلسه هیئت مدیره ۱۴۰۴/۱۰/۲۸ | ۱۴۰۴ | صفحات ۱ و ۲ | آخرین افشای نوع ۱۹ موجود پیش از Cutoff ۱۴۰۴/۱۲/۲۹ | K13: https://www.codal.ir/Reports/Decision.aspx?LetterSerial=gsard4xmaj4Zi8yOS8AWMA%3d%3d&rt=5&let=19&ct=0&ft=-1 https://www.codal.ir/Reports/Decision.aspx?LetterSerial=4P4QQQaQQQssbMX9ZMuZVciqBKOOObOOOg%3d%3d&rt=5&let=19&ct=0&ft=-1 | M13: INSUFFICIENT_EVIDENCE | N13: داده نامشخص به صفر تبدیل نشد. | O13: =IF(COUNTIF($A$4:A13,A13)=1,1,0) -> 1
A14: فخوز | B14: ='Turnover نهایی'!V14 -> بله | C14: =IF(B14="بله",1,IF(B14="خیر",0,"")) -> 1 | D14: INHERITED_WITH_LIMITATION | E14: بله | F14: =IF(AND(E14="بله",ISNUMBER(C14)),C14,"") -> 1 | I14: انتقال کنترل شده مقدار v38؛ تایید مجدد مستقل همه منابع این شرکت در v39 انجام نشده است. | J14: SRC_FKHZ_1404_002 | گزارش فعالیت هیئت مدیره منتهی به ۱۴۰۳/۱۲/۳۰ | ۱۴۰۳ | صفحه ۳۴ | روستر کامل ۱۴۰۳ SRC_FKHZ_1404_004 | افشای نوع ۱۹، جلسه هیئت مدیره ۱۴۰۴/۰۵/۲۷ | ۱۴۰۴ | صفحه ۱ | آخرین افشای نوع ۱۹ پیش از Cutoff | K14: برای ردیابی پایه به فایل v33 و Source_IDهای همان فاز مراجعه شود | N14: پذیرش به معنی نبود تعارض باز ثبت شده در فایل است؛ نه تایید مستقل کامل اسناد اولیه. | O14: =IF(COUNTIF($A$4:A14,A14)=1,1,0) -> 1
A15: شستا | B15: ='Turnover نهایی'!V15 -> بله | C15: =IF(B15="بله",1,IF(B15="خیر",0,"")) -> 1 | D15: INHERITED_WITH_LIMITATION | E15: بله | F15: =IF(AND(E15="بله",ISNUMBER(C15)),C15,"") -> 1 | I15: انتقال کنترل شده مقدار v38؛ تایید مجدد مستقل همه منابع این شرکت در v39 انجام نشده است. | J15: SRC_SHST_1404_015 | افشای نوع ۱۹ | ۱۴۰۳ | ۱ | Snapshot مبنا برای ۱۴۰۳ SRC_SHST_1404_007 | افشای نوع ۱۹ | ۱۴۰۴ | ۱ | Snapshot مبنا برای ۱۴۰۴ | K15: https://www.codal.ir/Reports/Decision.aspx?LetterSerial=b8oxHadTuSstqVNc5Bqzjw%3d%3d&rt=2&let=19&ct=0&ft=-1 https://www.codal.ir/Reports/Decision.aspx?LetterSerial=pk2gUF4FVfw9cOOObOOOOR6kSTDg%3d%3d&rt=2&let=19&ct=0&ft=-1 | N15: پذیرش به معنی نبود تعارض باز ثبت شده در فایل است؛ نه تایید مستقل کامل اسناد اولیه. | O15: =IF(COUNTIF($A$4:A15,A15)=1,1,0) -> 1
A16: شپنا | B16: ='Turnover نهایی'!V16 -> خیر | C16: =IF(B16="بله",1,IF(B16="خیر",0,"")) -> 0 | D16: INHERITED_WITH_LIMITATION | E16: بله | F16: =IF(AND(E16="بله",ISNUMBER(C16)),C16,"") -> 0 | I16: انتقال کنترل شده مقدار v38؛ تایید مجدد مستقل همه منابع این شرکت در v39 انجام نشده است. | J16: SRC_SHPN_1404_002 | افشای نوع ۱۹ | ۱۴۰۳ | ۱ | Snapshot مبنا برای ۱۴۰۳ SRC_SHPN_1404_004 | افشای نوع ۱۹ | ۱۴۰۴ | ۱ تا ۲ | Snapshot مبنا برای ۱۴۰۴ | K16: https://www.codal.ir/Reports/Decision.aspx?LetterSerial=BgB1TPEYicGYh74gmrG9mA%3d%3d&rt=0&let=19&ct=0&ft=-1 https://www.codal.ir/Reports/Decision.aspx?LetterSerial=zWRtzdFgEWKY0H4XNrzRzA%3d%3d&rt=0&let=19&ct=0&ft=-1 | N16: پذیرش به معنی نبود تعارض باز ثبت شده در فایل است؛ نه تایید مستقل کامل اسناد اولیه. | O16: =IF(COUNTIF($A$4:A16,A16)=1,1,0) -> 1
A17: وغدیر | B17: ='Turnover نهایی'!V17 -> خیر | C17: =IF(B17="بله",1,IF(B17="خیر",0,"")) -> 0 | D17: INHERITED_WITH_LIMITATION | E17: بله | F17: =IF(AND(E17="بله",ISNUMBER(C17)),C17,"") -> 0 | I17: انتقال کنترل شده مقدار v38؛ تایید مجدد مستقل همه منابع این شرکت در v39 انجام نشده است. | J17: SRC_VGHD_1404_002 | افشای نوع ۱۹ | ۱۴۰۳ | ۱ | Snapshot مبنا برای ۱۴۰۳ SRC_VGHD_1404_006 | افشای نوع ۱۹ | ۱۴۰۴ | ۱ | Snapshot مبنا برای ۱۴۰۴ | K17: https://www.codal.ir/Reports/Decision.aspx?LetterSerial=b9uqvOIQIMvyGYAfsuoWUg%3d%3d&rt=2&let=19&ct=0&ft=-1 https://www.codal.ir/Reports/Decision.aspx?LetterSerial=ytYjZCpQQQaQQQ34BFQkm8DLxX9A%3d%3d&rt=2&let=19&ct=0&ft=-1 | N17: پذیرش به معنی نبود تعارض باز ثبت شده در فایل است؛ نه تایید مستقل کامل اسناد اولیه. | O17: =IF(COUNTIF($A$4:A17,A17)=1,1,0) -> 1
A18: نوری | B18: ='Turnover نهایی'!V18 -> بله | C18: =IF(B18="بله",1,IF(B18="خیر",0,"")) -> 1 | D18: INHERITED_WITH_LIMITATION | E18: بله | F18: =IF(AND(E18="بله",ISNUMBER(C18)),C18,"") -> 1 | I18: انتقال کنترل شده مقدار v38؛ تایید مجدد مستقل همه منابع این شرکت در v39 انجام نشده است. | J18: SRC_NOURI_1403_001 | گزارش فعالیت هیئت مدیره | ۱۴۰۳ | ۳۹ | Snapshot مبنا برای ۱۴۰۳ SRC_NOOR_1404_007 + SRC_NOOR_1404_005 | گزارش فعالیت هیئت مدیره و Cross Check افشای نوع ۱۹ | ۱۴۰۴ | ۴۱ و افشای نوع ۱۹ صفحه ۱ | Snapshot مبنا برای ۱۴۰۴ | K18: https://www.codal.ir/Reports/Attachment.aspx?LetterSerial=qQQQaQQQXL8Mm5NCUb8eyBSic7hA%3d%3d https://www.codal.ir/Reports/Attachment.aspx?LetterSerial=lWuukNFzDitnWL7VD4weCA%3d%3d | N18: پذیرش به معنی نبود تعارض باز ثبت شده در فایل است؛ نه تایید مستقل کامل اسناد اولیه. | O18: =IF(COUNTIF($A$4:A18,A18)=1,1,0) -> 1
A19: فولاد | B19: ='Turnover نهایی'!V19 -> بله | C19: =IF(B19="بله",1,IF(B19="خیر",0,"")) -> 1 | D19: INHERITED_WITH_LIMITATION | E19: بله | F19: =IF(AND(E19="بله",ISNUMBER(C19)),C19,"") -> 1 | I19: انتقال کنترل شده مقدار v38؛ تایید مجدد مستقل همه منابع این شرکت در v39 انجام نشده است. | J19: SRC_FOLD_1403_001 | گزارش فعالیت هیئت مدیره | ۱۴۰۳ | ۴ | Snapshot مبنا برای ۱۴۰۳ SRC_FOLD_1404_002 | گزارش فعالیت هیئت مدیره | ۱۴۰۴ | ۵ و ۳۱ | Snapshot مبنا برای ۱۴۰۴ و تاریخ انتصاب اعضا | K19: https://www.codal.ir/Reports/Attachment.aspx?LetterSerial=lIOOObOOOFuv6MQlLw20bmBKF3Cw%3d%3d https://www.codal.ir/Reports/Attachment.aspx?LetterSerial=DjTPnm9Pa79X4Gv1Zp8FQQQaQQQQ%3d%3d | N19: پذیرش به معنی نبود تعارض باز ثبت شده در فایل است؛ نه تایید مستقل کامل اسناد اولیه. | O19: =IF(COUNTIF($A$4:A19,A19)=1,1,0) -> 1
A20: کچاد | B20: ='Turnover نهایی'!V20 -> بله | C20: =IF(B20="بله",1,IF(B20="خیر",0,"")) -> 1 | D20: V38_CONFIRMED | E20: بله | F20: =IF(AND(E20="بله",ISNUMBER(C20)),C20,"") -> 1 | G20: محمود صلاحی | H20: محمدرضا تابش | I20: مقایسه هویت رئیس در دو نقطه از بازسازی سطح کرسی v38؛ عدم تغییر سایر سمت ها ملاک نیست. | J20: Turnover Seat Reconstruction؛ 1287746 / 1473973 | K20: https://www.codal.ir/Reports/Decision.aspx?LetterSerial=v9VDr2f0BIJNqKEnWy6Rug%3d%3d&rt=0&let=19&ct=0&ft=-1 https://www.codal.ir/Reports/Decision.aspx?LetterSerial=XPg1kJyBIkadWnCXHnsdKg%3d%3d&rt=0&let=19&ct=0&ft=-1 | N20: مبنای این مرحله شواهد مستند در فایل v38 است؛ دریافت مجدد مستقل اسناد کدال در این محیط ممکن نشد. | O20: =IF(COUNTIF($A$4:A20,A20)=1,1,0) -> 1
A21: کگل | B21: ='Turnover نهایی'!V21 -> بله | C21: =IF(B21="بله",1,IF(B21="خیر",0,"")) -> 1 | D21: INHERITED_WITH_LIMITATION | E21: بله | F21: =IF(AND(E21="بله",ISNUMBER(C21)),C21,"") -> 1 | I21: انتقال کنترل شده مقدار v38؛ تایید مجدد مستقل همه منابع این شرکت در v39 انجام نشده است. | J21: SRC_KGOL_1404_002 | افشای نوع ۱۹ | ۱۴۰۳ | ۱ | Snapshot مبنا برای پایان ۱۴۰۳ و جلوگیری از Look Ahead SRC_KGOL_1404_004 | افشای نوع ۱۹ | ۱۴۰۴ | ۱ | Snapshot مبنا برای ۱۴۰۴ | K21: https://www.codal.ir/Reports/Decision.aspx?LetterSerial=V8TQGa6IRAmh3pwzvDL0KQ%3d%3d&rt=0&let=19&ct=0&ft=-1 https://www.codal.ir/Reports/Decision.aspx?LetterSerial=IYIOOObOOO6mh6t3bHqdV5BigMrg%3d%3d&rt=0&let=19&ct=0&ft=-1 | N21: پذیرش به معنی نبود تعارض باز ثبت شده در فایل است؛ نه تایید مستقل کامل اسناد اولیه. | O21: =IF(COUNTIF($A$4:A21,A21)=1,1,0) -> 1
A22: پارسان | B22: ='Turnover نهایی'!V22 -> خیر | C22: =IF(B22="بله",1,IF(B22="خیر",0,"")) -> 0 | D22: V38_HIGH | E22: بله | F22: =IF(AND(E22="بله",ISNUMBER(C22)),C22,"") -> 0 | G22: احد امیری | H22: احد امیری | I22: مقایسه هویت رئیس در دو نقطه از بازسازی سطح کرسی v38؛ عدم تغییر سایر سمت ها ملاک نیست. | J22: Turnover Seat Reconstruction؛ 1288275 / 1443940 | K22: https://www.codal.ir/Reports/Decision.aspx?LetterSerial=DsOgAmOOObOOOXCBilD6gqB1SIaw%3d%3d&rt=2&let=19&ct=0&ft=-1 https://www.codal.ir/Reports/Decision.aspx?LetterSerial=zNIQQQaQQQIYcl2yMb4DUIPu3s7w%3d%3d&rt=2&let=19&ct=0&ft=-1 | N22: مبنای این مرحله شواهد مستند در فایل v38 است؛ دریافت مجدد مستقل اسناد کدال در این محیط ممکن نشد. | O22: =IF(COUNTIF($A$4:A22,A22)=1,1,0) -> 1
A23: اخابر | B23: ='Turnover نهایی'!V23 -> خیر | C23: =IF(B23="بله",1,IF(B23="خیر",0,"")) -> 0 | D23: INHERITED_WITH_LIMITATION | E23: بله | F23: =IF(AND(E23="بله",ISNUMBER(C23)),C23,"") -> 0 | I23: انتقال کنترل شده مقدار v38؛ تایید مجدد مستقل همه منابع این شرکت در v39 انجام نشده است. | J23: SRC_AKHB_1404_002 | گزارش فعالیت هیئت مدیره | ۱۴۰۳ | ۹۳ تا ۹۴ | Snapshot مبنا برای ۱۴۰۳ SRC_AKHB_1404_003 | افشای نوع ۱۹ | ۱۴۰۴ | ۱ | Snapshot اصلی ۱۴۰۴ و تایید نمایندگان SRC_AKHB_1404_005 | افشای نوع ۱۹ | ۱۴۰۴ | ۱ | کنترل تغییر اشخاص حقوقی در طول سال | K23: https://www.codal.ir/Reports/Attachment.aspx?LetterSerial=l18osNfAAH2DvvstKQQQaQQQYuHQ%3d%3d https://www.codal.ir/Reports/Decision.aspx?LetterSerial=GSIO5iJOn2Ini6eniOOOObOOOopw%3d%3d&rt=5&let=19&ct=0&ft=-1 https://www.codal.ir/Reports/Decision.aspx?LetterSerial=iXcFNxwCjn4aV4ptXi6QQQaQQQjA%3d%3d&rt=5&let=19&ct=0&ft=-1 | N23: پذیرش به معنی نبود تعارض باز ثبت شده در فایل است؛ نه تایید مستقل کامل اسناد اولیه. | O23: =IF(COUNTIF($A$4:A23,A23)=1,1,0) -> 1
A24: جم | B24: ='Turnover نهایی'!V24 -> بله | C24: =IF(B24="بله",1,IF(B24="خیر",0,"")) -> 1 | D24: V38_HIGH | E24: بله | F24: =IF(AND(E24="بله",ISNUMBER(C24)),C24,"") -> 1 | G24: متین دیداری | H24: محمدسجاد سیاهکارزاده | I24: مقایسه هویت رئیس در دو نقطه از بازسازی سطح کرسی v38؛ عدم تغییر سایر سمت ها ملاک نیست. | J24: Turnover Seat Reconstruction؛ 1171265 / 1527389 | K24: https://www.codal.ir/Reports/Decision.aspx?LetterSerial=SZoueUaBHVA%2bs%2bgcP%2bwj4A%3d%3d&rt=0&let=19&ct=0&ft=-1 https://www.codal.ir/Reports/Decision.aspx?LetterSerial=QQQaQQQtpQVpIOOObOOOPhcgQQQaQQQA5ahYjCjA%3d%3d&rt=0&let=19&ct=0&ft=-1 | L24: طبق یادداشت v38 رویداد ۱۴۰۴/۱۲/۲۵ و انتشار ۱۴۰۵/۰۲/۲۹؛ با مبنای تاریخ انتشار تغییر رئیس می تواند صفر شود. کد اصلی این فایل مبتنی بر تاریخ موثر است. | N24: مبنای این مرحله شواهد مستند در فایل v38 است؛ دریافت مجدد مستقل اسناد کدال در این محیط ممکن نشد. | O24: =IF(COUNTIF($A$4:A24,A24)=1,1,0) -> 1
A25: ومعادن | B25: ='Turnover نهایی'!V25 -> بله | C25: =IF(B25="بله",1,IF(B25="خیر",0,"")) -> 1 | D25: INHERITED_WITH_LIMITATION | E25: بله | F25: =IF(AND(E25="بله",ISNUMBER(C25)),C25,"") -> 1 | I25: انتقال کنترل شده مقدار v38؛ تایید مجدد مستقل همه منابع این شرکت در v39 انجام نشده است. | J25: SRC_VMDN_1404_002 | گزارش فعالیت هیئت مدیره | ۱۴۰۳ | ۴۰ | Snapshot مبنا برای ۱۴۰۳ SRC_VMDN_1404_001 | گزارش فعالیت هیئت مدیره | ۱۴۰۴ | ۴۳ | Snapshot سال ۱۴۰۴ SRC_VMDN_1404_004 | افشای نوع ۱۹ | ۱۴۰۴ | ۱ | تایید تغییر نماینده فولاد سنگ SRC_VMDN_1404_003 | افشای نوع ۱۹ | ۱۴۰۴ | ۱ | تایید تغییر نماینده فولاد مبارکه و ریاست | K25: https://www.codal.ir/Reports/Attachment.aspx?LetterSerial=AcoEbrF1YWBxnIP9D2INbA%3d%3d https://www.codal.ir/Reports/Attachment.aspx?LetterSerial=bRnwYafN0uOG5s7eZOOObOOObCPw%3d%3d https://www.codal.ir/Reports/Decision.aspx?LetterSerial=GYYJgW0mQQQaQQQdbvnpR6QLaHlA%3d%3d&rt=2&let=19&ct=0&ft=-1 https://www.codal.ir/Reports/Decision.aspx?LetterSerial=AHwQQQaQQQkHcUkc0pfBa2dXOOObOOOE3Q%3d%3d&rt=2&let=19&ct=0&ft=-1 | N25: پذیرش به معنی نبود تعارض باز ثبت شده در فایل است؛ نه تایید مستقل کامل اسناد اولیه. | O25: =IF(COUNTIF($A$4:A25,A25)=1,1,0) -> 1
A26: وامید | B26: ='Turnover نهایی'!V26 -> خیر | C26: =IF(B26="بله",1,IF(B26="خیر",0,"")) -> 0 | D26: INHERITED_WITH_LIMITATION | E26: بله | F26: =IF(AND(E26="بله",ISNUMBER(C26)),C26,"") -> 0 | I26: انتقال کنترل شده مقدار v38؛ تایید مجدد مستقل همه منابع این شرکت در v39 انجام نشده است. | J26: SRC_VAMD_1404_002 | گزارش فعالیت هیئت مدیره | ۱۴۰۳ | ۶۹ | Snapshot مبنا برای ۱۴۰۳ SRC_VAMD_1404_001 | گزارش فعالیت هیئت مدیره | ۱۴۰۴ | ۶۹ | Snapshot مبنا برای ۱۴۰۴ SRC_VAMD_1404_005 | افشای نوع ۱۹ اصلاحیه | ۱۴۰۴ | ۱ | کنترل تغییر اشخاص حقوقی و تداوم نمایندگان SRC_VAMD_1404_006 | افشای نوع ۱۹ | ۱۴۰۴ | ۱ | کنترل مستقل ترکیب | K26: https://www.codal.ir/Reports/Attachment.aspx?LetterSerial=CM4mqa3Wz2h9LMqk4uVACQ%3d%3d https://www.codal.ir/Reports/Attachment.aspx?LetterSerial=L3pmVuuRgm42MhLxuM1ElQ%3d%3d https://www.codal.ir/Reports/Decision.aspx?LetterSerial=1UEyCQ9gyduKzNiiDDNXUA%3d%3d&rt=2&let=19&ct=0&ft=-1 https://www.codal.ir/Reports/Decision.aspx?LetterSerial=heZfln7kl6v8fiuPpe5P4g%3d%3d&rt=2&let=19&ct=0&ft=-1 | N26: پذیرش به معنی نبود تعارض باز ثبت شده در فایل است؛ نه تایید مستقل کامل اسناد اولیه. | O26: =IF(COUNTIF($A$4:A26,A26)=1,1,0) -> 1
A27: خساپا | B27: ='Turnover نهایی'!V27 -> خیر | C27: =IF(B27="بله",1,IF(B27="خیر",0,"")) -> 0 | D27: V38_CONFIRMED | E27: بله | F27: =IF(AND(E27="بله",ISNUMBER(C27)),C27,"") -> 0 | G27: کورش پرویزیان | H27: کورش پرویزیان | I27: مقایسه هویت رئیس در دو نقطه از بازسازی سطح کرسی v38؛ عدم تغییر سایر سمت ها ملاک نیست. | J27: Turnover Seat Reconstruction؛ 1295938 / 1386511 | K27: https://www.codal.ir/Reports/Decision.aspx?LetterSerial=0rlsOOObOOOEFaa9IMoCD90IUbxA%3d%3d&rt=0&let=19&ct=0&ft=-1 https://www.codal.ir/Reports/Decision.aspx?LetterSerial=UJ1so0i61H6WpTMWJ3OsCA%3d%3d&rt=0&let=19&ct=0&ft=-1 | N27: مبنای این مرحله شواهد مستند در فایل v38 است؛ دریافت مجدد مستقل اسناد کدال در این محیط ممکن نشد. | O27: =IF(COUNTIF($A$4:A27,A27)=1,1,0) -> 1
A28: همراه | B28: ='Turnover نهایی'!V28 -> خیر | C28: =IF(B28="بله",1,IF(B28="خیر",0,"")) -> 0 | D28: INHERITED_WITH_LIMITATION | E28: بله | F28: =IF(AND(E28="بله",ISNUMBER(C28)),C28,"") -> 0 | I28: انتقال کنترل شده مقدار v38؛ تایید مجدد مستقل همه منابع این شرکت در v39 انجام نشده است. | J28: SRC_HMRH_1404_002 | گزارش فعالیت هیئت مدیره | ۱۴۰۳ | ۵ | Snapshot مبنا ۱۴۰۳ SRC_HMRH_1404_001 | گزارش فعالیت هیئت مدیره | ۱۴۰۴ | ۵ | Snapshot مبنا ۱۴۰۴ SRC_HMRH_1404_005 | افشای نوع ۱۹ | ۱۴۰۴ | ۱ | بازتایید ثبات نمایندگان و اشخاص حقوقی | K28: https://www.codal.ir/Reports/Attachment.aspx?LetterSerial=qF6WQQQaQQQvb3G9yQQQaQQQVuknoGcUQQ%3d%3d https://www.codal.ir/Reports/Attachment.aspx?LetterSerial=Ln6R9zsWXNJqeuz97OOObOOOaACw%3d%3d https://www.codal.ir/Reports/Decision.aspx?LetterSerial=EkFsjyhmhfXBQoQQQaQQQTg7cqCw%3d%3d&rt=5&let=19&ct=0&ft=-1 | N28: پذیرش به معنی نبود تعارض باز ثبت شده در فایل است؛ نه تایید مستقل کامل اسناد اولیه. | O28: =IF(COUNTIF($A$4:A28,A28)=1,1,0) -> 1
A29: وبملت | B29: ='Turnover نهایی'!V29 -> خیر | C29: =IF(B29="بله",1,IF(B29="خیر",0,"")) -> 0 | D29: INHERITED_WITH_LIMITATION | E29: بله | F29: =IF(AND(E29="بله",ISNUMBER(C29)),C29,"") -> 0 | I29: انتقال کنترل شده مقدار v38؛ تایید مجدد مستقل همه منابع این شرکت در v39 انجام نشده است. | J29: SRC_MELT_1404_006 | افشای نوع ۱۹ | ۱۴۰۳ | ۱ | Snapshot اشخاص حقیقی ۱۴۰۳ SRC_MELT_1404_005 | افشای نوع ۱۹ | ۱۴۰۴ | ۱ | Snapshot اشخاص حقیقی ۱۴۰۴؛ فقط تغییر سمت | K29: https://www.codal.ir/Reports/Decision.aspx?LetterSerial=pMyRiSQQQaQQQwMIoymmCCqmzwtg%3d%3d&rt=3&let=19&ct=0&ft=-1 https://www.codal.ir/Reports/Decision.aspx?LetterSerial=jqQzOOObOOOZ5mOOObOOO0IdbSC6088ERA%3d%3d&rt=3&let=19&ct=0&ft=-1 | N29: پذیرش به معنی نبود تعارض باز ثبت شده در فایل است؛ نه تایید مستقل کامل اسناد اولیه. | O29: =IF(COUNTIF($A$4:A29,A29)=1,1,0) -> 1
A30: وبصادر | B30: ='Turnover نهایی'!V30 -> خیر | C30: =IF(B30="بله",1,IF(B30="خیر",0,"")) -> 0 | D30: INHERITED_WITH_LIMITATION | E30: بله | F30: =IF(AND(E30="بله",ISNUMBER(C30)),C30,"") -> 0 | I30: انتقال کنترل شده مقدار v38؛ تایید مجدد مستقل همه منابع این شرکت در v39 انجام نشده است. | J30: SRC_VBSD_1404_002 | گزارش فعالیت هیئت مدیره | ۱۴۰۳ | ۳۸ تا ۳۹ | Snapshot مبنا ۱۴۰۳ SRC_VBSD_1404_001 | گزارش فعالیت هیئت مدیره | ۱۴۰۴ | ۴۵ تا ۴۶ | Snapshot مبنا ۱۴۰۴ | K30: https://www.codal.ir/Reports/Attachment.aspx?LetterSerial=HChwyLb11ZnzYeIEeB3Jng%3d%3d https://www.codal.ir/Reports/Attachment.aspx?LetterSerial=p0cfFj1rDsXiFZsu35tCWw%3d%3d | N30: پذیرش به معنی نبود تعارض باز ثبت شده در فایل است؛ نه تایید مستقل کامل اسناد اولیه. | O30: =IF(COUNTIF($A$4:A30,A30)=1,1,0) -> 1
A31: وپاسار | B31: ='Turnover نهایی'!V31 -> نامشخص | C31: =IF(B31="بله",1,IF(B31="خیر",0,"")) | D31: MISSING | E31: خیر | F31: =IF(AND(E31="بله",ISNUMBER(C31)),C31,"") | I31: انتقال کنترل شده مقدار v38؛ تایید مجدد مستقل همه منابع این شرکت در v39 انجام نشده است. | J31: SRC_VPSR_1404_001 | گزارش فعالیت هیئت مدیره منتهی به ۱۴۰۳/۱۲/۳۰ | ۱۴۰۳ | گزارش ۴۵ صفحه ای | بسته کاربر منبع FY1404 یا Type19 مناسب ندارد SRC_VPSR_1404_001 | گزارش فعالیت هیئت مدیره | ۱۴۰۳ | ۹ | FY1403 موجود است؛ FY1404 در آرشیو بارگذاری شده یافت نشد | K31: https://www.codal.ir/Reports/Attachment.aspx?LetterSerial=Cxkdj8wztt52xU9MoBXp2w%3d%3d | M31: DOCUMENT_MISSING | N31: داده نامشخص به صفر تبدیل نشد. سرنخ گزارش کنترل های داخلی 1526305 پیدا شد ولی متن و امضاهای آن در دسترس نبود. | O31: =IF(COUNTIF($A$4:A31,A31)=1,1,0) -> 1
A32: حکشتی | B32: ='Turnover نهایی'!V32 -> نامشخص | C32: =IF(B32="بله",1,IF(B32="خیر",0,"")) | D32: MISSING | E32: خیر | F32: =IF(AND(E32="بله",ISNUMBER(C32)),C32,"") | I32: انتقال کنترل شده مقدار v38؛ تایید مجدد مستقل همه منابع این شرکت در v39 انجام نشده است. | J32: Iran_BSI_v33_Phase4_2K_FinalTurnoverClosure.xlsx | شرکت های Seat Level | داده شخص حقیقی برای Turnover قابل اتکا نبود | K32: برای ردیابی پایه به فایل v33 و Source_IDهای همان فاز مراجعه شود | M32: PERSON_LEVEL_UNAVAILABLE | N32: داده نامشخص به صفر تبدیل نشد. نام رئیس در یک فهرست تاریخی انجمن کافی برای دو نقطه مقایسه یا تطبیق پنج نماینده نیست. | O32: =IF(COUNTIF($A$4:A32,A32)=1,1,0) -> 1
A33: شپدیس | B33: ='Turnover نهایی'!V33 -> بله | C33: =IF(B33="بله",1,IF(B33="خیر",0,"")) -> 1 | D33: V38_CONFIRMED | E33: بله | F33: =IF(AND(E33="بله",ISNUMBER(C33)),C33,"") -> 1 | G33: هوشنگ گودرزی | H33: حسن شاه‌ولدی | I33: مقایسه هویت رئیس در دو نقطه از بازسازی سطح کرسی v38؛ عدم تغییر سایر سمت ها ملاک نیست. | J33: Turnover Seat Reconstruction؛ 1309386 / 1443721 | K33: https://www.codal.ir/Reports/Decision.aspx?LetterSerial=C4XsKe3dMCJ7F1MqOaUJBw%3d%3d&rt=0&let=19&ct=0&ft=-1 https://www.codal.ir/Reports/Decision.aspx?LetterSerial=Lh6dCOOObOOOOOObOOOHmUIfwOOObOOOrvn9DNRQ%3d%3d&rt=0&let=19&ct=0&ft=-1 | N33: مبنای این مرحله شواهد مستند در فایل v38 است؛ دریافت مجدد مستقل اسناد کدال در این محیط ممکن نشد. | O33: =IF(COUNTIF($A$4:A33,A33)=1,1,0) -> 1
A37: معیار | B37: مقدار | C37: توضیح
A38: پوشش عددی موجود | B38: =COUNT(C4:C33) -> 27 | C38: تعداد کدهای صفر یا یک بدون حذف تعارض
A39: بدون تعارض باز ثبت شده | B39: =COUNT(F4:F33) -> 26 | C39: پوشش محافظه کارانه؛ شواهد موروثی با محدودیت
A40: ورودی نامشخص | B40: =COUNTIF(D4:D33,"MISSING") -> 3 | C40: رمپنا، وپاسار، حکشتی
A41: تعارض باز | B41: =COUNTIF(D4:D33,"NEEDS_REVIEW") -> 1 | C41: فملی؛ ورودی خام نگهداری شده است
A42: تغییر رئیس در مجموعه محافظه کارانه | B42: =COUNTIFS(E4:E33,"بله",F4:F33,1) -> 14 | C42: وجود تغییر به معنی بهتر یا بدتر شدن کیفیت نیست
A43: بدون تغییر در مجموعه محافظه کارانه | B43: =COUNTIFS(E4:E33,"بله",F4:F33,0) -> 12 | C43: صفر واقعی فقط در مجموعه قابل استفاده
A44: تعداد شرکت ها | B44: =COUNTA(A4:A33) -> 30 | C44: کل نمونه؛ مستقل از واجد شرایط بودن گردش نمایندگان
A45: پوشش عددی از کل | B45: =IF(B44>0,B38/B44,"") -> 0.9 | C45: موجود بودن کد، حتی با تعارض باز
A46: پوشش محافظه کارانه از کل | B46: =IF(B44>0,B39/B44,"") -> 0.86666667 | C46: این نسبت به جدول استاد و معماری منتقل شده است
A47: پوشش گزارش شده در ممیزی v38 | B47: 23 | C47: Audit Coverage!F8 در فایل مبنا؛ مقدار تاریخی
A48: افزایش پوشش نسبت به ممیزی قبلی | B48: =B39-B47 -> 3 | C48: دو تعارض تاپیکو و کچاد حل شد؛ شپدیس از نامشخص خارج شد
A49: تعداد شرکت یکتا | B49: =SUM(O4:O33) -> 30 | C49: کنترل اولین وقوع نام با COUNTIF تجمعی
A50: نامشخص یا متعارض | B50: =B40+B41 -> 4 | C50: خارج از پوشش محافظه کارانه

Sheet Sources v39
A1: فهرست شواهد و محدودیت دسترسی v39
A2: تاریخ بررسی ۲۰۲۶/۱۰/۰۲؛ داده دریافت نشده به عنوان شاهد قطعی استفاده نشده است.
A3: شناسه | B3: شرکت | C3: عنوان | D3: تاریخ یا ردیابی | E3: نوع منبع | F3: نشانی یا فایل | G3: روش مشاهده | H3: یافته | I3: محدودیت
A4: V39S01 | B4: وتجارت | C4: صفحه فارسی هیئت مدیره بانک تجارت | D4: بدون تاریخ موثر | E4: صفحه رسمی بانک | F4: https://www.tejaratbank.ir/web_directory/1679-Board-of-Directors-and-Director.html | G4: متن نمایه شده در جستجوی وب | H4: چهار نام درج شده و نام شریفیان در فهرست دیده نمی شود. | I4: فقط موید ترکیب فعلی؛ نه سند تاریخ خروج و نه تصویر قطعی پایان ۱۴۰۴.
A5: V39S02 | B5: وتجارت | C5: صفحه انگلیسی هیئت مدیره بانک تجارت | D5: بدون تاریخ موثر | E5: صفحه رسمی بانک | F5: https://www.tejaratbank.ir/general_content/1520654-Board-Of-Directors.html | G5: متن نمایه شده در جستجوی وب | H5: پنج نام دارد و حمیدرضا شریفیان را نایب رئیس معرفی می کند. | I5: با نسخه فارسی یکسان نیست؛ تاریخ خروج از صفحه وب قابل تعیین نیست.
A6: V39S03 | B6: وتجارت | C6: خبر انتصاب رئیس و نایب رئیس بانک تجارت | D6: ۱۴۰۱/۱۲/۲۹ | E6: خبر رسمی بانک | F6: https://www.tejaratbank.ir/news/2061976-tejaratbank.html | G6: متن نمایه شده در جستجوی وب | H6: انتخاب ترک تبریزی و شریفیان به ریاست و نایب رئیسی را گزارش می کند. | I6: این سند تاریخی درباره آغاز سمت است و خروج شریفیان در ۱۴۰۴ را اثبات نمی کند.
A7: V39S04 | B7: وپاسار | C7: فراداده گزارش کنترل های داخلی در تاریخ ۱۴۰۴/۱۲/۲۹ | D7: انتشار ۱۴۰۵/۰۲/۲۷؛ ردیابی 1526305 | E7: فهرست اطلاعیه های ذخیره شده در پروژه | F7: https://www.codal.ir/Reports/Decision.aspx?LetterSerial=UtkvD7QAtPic497u28Cz6g%3d%3d&rt=3&let=90&ct=0&ft=-1 | G7: فراداده محلی خوانده شد؛ متن گزارش دریافت نشد | H7: گزارش دوره هدف در فهرست پروژه وجود دارد؛ ردیف کامل در target_filings.json نگهداری شد. | I7: وجود فراداده، نام امضاکنندگان یا ترکیب هیئت مدیره را ثابت نمی کند. این گزارش با گزارش فعالیت هیئت مدیره تفاوت دارد.
A8: V39S05 | B8: حکشتی | C8: معرفی کشتیرانی جمهوری اسلامی ایران در فهرست اعضای انجمن | D8: ۱۴۰۳/۱۰/۱۷ | E8: فهرست اعضای انجمن کشتیرانی | F8: https://saoi.ir/کشتیرانی-جمهوری-اسلامی-ایران/ | G8: متن نمایه شده در جستجوی وب | H8: مدیرعامل محمدرضا مدرس خیابانی و رئیس هیئت مدیره علی مسیبی بهروز درج شده اند. | I8: فقط سرنخ تاریخی؛ نمایندگی پنج کرسی حقوقی یا ترکیب پایان ۱۴۰۴ را نشان نمی دهد.
A9: V39S06 | B9: وتجارت | C9: اطلاعیه اصلاحی ترکیب هیئت مدیره | D9: انتشار ۱۴۰۴/۰۹/۱۵؛ ردیابی 1444154 | E9: کدال طبق شواهد ذخیره شده v38 | F9: https://www.codal.ir/Reports/Decision.aspx?LetterSerial=tL1npzfj3XSDR4oEqs1VIw%3d%3d&rt=3&let=19&ct=0&ft=-1 | G9: شرح و بازسازی داخل فایل v38؛ دریافت مجدد ناموفق | H9: بازسازی v38 چهار عضو را در پایان دوره ثبت کرده است. | I9: نسخه اولیه ردیابی 1443078 و اصلاحیه درباره شریفیان ناسازگار گزارش شده اند؛ v39 سند تازه خروج دریافت نکرد.
A10: V39S07 | B10: حکشتی | C10: اطلاعیه ترکیب هیئت مدیره | D10: انتشار ۱۴۰۴/۰۸/۱۸؛ ردیابی 1433770 | E10: کدال طبق شواهد ذخیره شده v38 | F10: https://www.codal.ir/Reports/Decision.aspx?LetterSerial=ag9Rd4I5seaRFhQQQaQQQiZlm5lQ%3d%3d&rt=2&let=19&ct=0&ft=-1 | G10: شرح داخل فایل v38؛ دریافت مجدد ناموفق | H10: پنج شخص حقوقی در بازسازی موجود هستند؛ نام نمایندگان برای محاسبه فردی کافی نیست. | I10: عبارت فاقد نماینده در اسناد به صفر بودن گردش یا نبود واقعی نماینده تبدیل نشد.
A11: V39S08 | B11: وپاسار | C11: گزارش فعالیت هیئت مدیره سال ۱۴۰۳ | D11: انتشار ۱۴۰۴/۰۶/۱۶؛ ردیابی 1396276 | E11: کدال طبق شواهد ذخیره شده v38 | F11: https://www.codal.ir/Reports/Attachment.aspx?LetterSerial=Cxkdj8wztt52xU9MoBXp2w%3d%3d | G11: شرح داخل فایل v38؛ دریافت مجدد ناموفق | H11: v38 اختلاف فهرست هفت نفره گزارش با پنج نفره تصمیمات مجمع را ثبت کرده است. | I11: اصلی یا علی البدل بودن، تاریخ موثر و پنجره دو فهرست هنوز تطبیق نشده است.
A12: V39S09 | B12: هر سه شرکت | C12: گزارش آزمون دسترسی مستقیم | D12: زمان همین بررسی | E12: گزارش فنی محیط | F12: fetch_log.json | G12: خطای تفکیک نام دامنه در درخواست مستقیم؛ بازکردن صفحات رسمی با ابزار وب نیز ناموفق | H12: متن کامل اسناد جدید کدال از این مسیر دریافت نشد. | I12: شکست دسترسی به معنی نبود یا منتشر نشدن سند نیست.
A13: V39S10 | B13: ۳۰ شرکت | C13: فایل مبنا و بازسازی سطح کرسی v38 | D13: فایل تحویلی کاربر | E13: داده و ممیزی قبلی پروژه | F13: Iran_BSI_v38_Turnover_Resolved.xlsx | G13: فایل کامل با openpyxl خوانده شد | H13: مبنای محاسبه CR1A ستون V و برای هشت شرکت نام رئیس از برگه بازسازی سطح کرسی استخراج شد. | I13: v39 جایگزین بازخوانی مستقل همه اسناد اولیه ۳۰ شرکت نیست؛ محدودیت شواهد قبلی حفظ شد.

Sheet QA v39
A1: کنترل کیفیت و محاسبات
A2: گزارش کنترل محاسبات، حفظ داده های خام و تفاوت با فایل مبنا.
A3: کنترل | B3: نتیجه | C3: روش و دامنه
A4: تعداد ردیف شرکت | B4: ='CR1A v39'!B44 -> 30 | C4: باید ۳۰ باشد
A5: تعداد نام یکتا | B5: ='CR1A v39'!B49 -> 30 | C5: COUNTIF تجمعی؛ باید ۳۰ باشد
A6: کدهای موجود CR1A | B6: ='CR1A v39'!B38 -> 27 | C6: باید ۲۷ باشد
A7: پوشش محافظه کارانه | B7: ='CR1A v39'!B39 -> 26 | C7: باید ۲۶ باشد؛ تایید مستقل جدید همه اسناد نیست
A8: جمع تغییر و عدم تغییر | B8: ='CR1A v39'!B42+'CR1A v39'!B43 -> 26 | C8: باید برابر پوشش محافظه کارانه باشد
A9: کامل بودن تفکیک | B9: ='CR1A v39'!B39+'CR1A v39'!B40+'CR1A v39'!B41 -> 30 | C9: باید برابر ۳۰ باشد
A10: تغییر ورودی خام گردش و رئیس | B10: 0 | C10: مقایسه همه سلول های Turnover نهایی با v38؛ انتظار صفر تفاوت
A11: تطبیق هویت رئیس در بازسازی v38 | B11: 8 | C11: هشت شرکت با نام رئیس در هر دو نقطه؛ کد محاسبه با ستون V یکسان بود
A12: فرمول های تاریخی با ورودی متن | B12: 36 | C12: در Audit Coverage با ISNUMBER محافظت و علت فقدان عدد برچسب گذاری شد
A13: فرمول یکتایی سازگار شده | B13: 1 | C13: تبدیل SUMPRODUCT با COUNTIF آرایه ای به COUNTIF تجمعی و SUM
A14: تعداد خطای محاسبات پس از بازگشایی | B14: 0 | C14: بازمحاسبه انجام و همه سلول های خطای محاسبات بررسی شد؛ هیچ خطای اکسل در مقادیر ذخیره شده باقی نماند.
A15: تعداد فرمول ها | B15: 926 | C15: تعداد فرمول های واقعی فایل؛ متن فرمول های قدیمی در ثبت تغییرات به عنوان متن نگهداری می شوند.
A16: تعداد سلول های تغییر یافته موجود | B16: 156 | C16: تفاوت سلول های موجود؛ برگه های جدید جدا از این شمارش اند
A17: هش فایل مبنا | B17: a38b0c234772920be07af7b7ff8f00754cf8f3c7b582044269856b6b003cb483 | C17: SHA256؛ فایل مبنا نباید تغییر کرده باشد
A18: مرز اعتبار خروجی | B18: محاسباتی و ردیابی | C18: این بررسی به معنی تایید مستقل همه اعداد تاریخی فایل یا بسته شدن سه پرونده نیست

Sheet راهنمای نسخه v37
A1: راهنمای فایل نهایی Iran BSI v37
A2: این فایل سه خروجی v36 را در یک Master Workbook یکپارچه می کند و هیچ داده ای از فایل های مرجع حذف نشده است.
A4: بخش | B4: هدف | C4: وضعیت | D4: منبع | E4: روش یا قاعده | F4: خروجی قابل استفاده | G4: محدودیت | H4: یادداشت
A5: خلاصه نهایی | B5: جمع بندی ممیزی و معماری | C5: به روز شده | D5: v36 Audit + Candidates | E5: فقط اعداد و نقش های ممیزی شده | F5: ارائه مدیریتی | G5: گپ های باز جداگانه ثبت شده | H5: نقطه شروع فایل
A6: جدول استاد | B6: جدول Measureها | C6: به روز شده | D6: Audit Measureها + Candidate N02 | E6: Coverage، Formula، Source و Role کنار هم | F6: جلسه استاد | G6: N02 هنوز Composite نیست | H6: مناسب ارائه
A7: معماری به روز شده | B7: تصمیم نقش Measureها | C7: به روز شده | D7: Final Audit Verdict | E7: تفکیک Scale Up، Structural، Control، Robustness و Targeted | F7: طراحی Phase 5 | G7: REF08 هنوز Targeted | H7: جلوگیری از دوباره شماری
A8: Constructهای مستقل | B8: شمارش Constructهای واقعی | C8: به روز شده | D8: Audit Redundancy | E8: Measureهای مکمل یک Construct دوباره شمرده نمی شوند | F8: معماری مفهومی | G8: ۹ Construct فعلی | H8: SEP07 کنترل است
A9: Turnover نهایی | B9: داده شرکت به شرکت | C9: اصلاح شده | D9: v36 Final Integrated Audited | E9: فرمول صورت و مخرج | F9: تحلیل گردش | G9: چند Source Review باز | H9: خودرو و فارس اصلاح شده اند
A10: Audit sheets | B10: ممیزی مستقل | C10: حفظ کامل | D10: Iran_BSI_v36_Independent_Audit.xlsx | E10: بازتولید مستقل | F10: ردیابی خطا و اصلاح | G10: Fully Verified تعریف سخت گیرانه دارد | H10: تمام Sheetها در همین فایل کپی شده اند
A11: Candidate sheets | B11: کشف Measure جدید | C11: حفظ کامل | D11: Iran_BSI_v36_Additional_Measure_Candidates.xlsx | E11: Feasibility + Variation + Scalability | F11: R&D Measureها | G11: فقط N02 Scale Up Candidate شد | H11: هیچ Candidate جدید وارد Composite نشده
A12: فرمول ها | B12: کنترل ارجاع و Recalc در Excel | C12: بدون #REF در فرمول ها | D12: v36 Audit + QA v37 | E12: ارجاع فرمول ها بررسی شده و فایل روی Automatic Calculation تنظیم شده است | F12: پس از اولین باز کردن در Excel دوباره محاسبه می شود | G12: مقادیر فرمولی در این محیط به صورت عددی مستقل Recalculate نشده اند | H12: پس از باز کردن در Excel یک Save انجام شود

Sheet راهنمای محاسبات و منابع
A1: راهنمای محاسبات، منابع و ردیابی داده ها
A2: هر عدد یا از منبع رسمی ردیابی می شود یا روش محاسبه آن در این فایل مشخص است
A4: کد | B4: معیار | C4: روش محاسبه یا تعریف عملیاتی | D4: منبع تصمیم یا برگه محاسباتی | E4: منبع داده خام | F4: نوع خروجی | G4: قاعده Missingness | H4: نکته کنترل کیفیت
A5: S1A | B5: پروکسی استقلال ساختاری هیئت مدیره | C5: تعداد اعضای غیرموظف تقسیم بر تعداد اعضای هیئت مدیره با وضعیت موظف یا غیرموظف قابل تایید. این متغیر استقلال صریح نیست و فقط پروکسی ساختاری است. | D5: Iran_BSI_v30_Phase4_2H_PreAdvisorReview.xlsx | معیارهای قابل توسعه، معماری سازه ای و بررسی Separation | E5: داده خام وضعیت موظف یا غیرموظف اعضا از افشاهای رسمی هیئت مدیره | F5: محاسباتی | G5: Missing و قابل اعمال نیست صفر نمی شوند | H5: بدون حدس؛ Source_ID و شواهد خام حفظ می شوند
A6: V1 | B6: تنوع رشته تحصیلی | C6: Blau خام برابر است با ۱ منهای مجموع مربع سهم هر گروه رشته تحصیلی. اگر اطلاعات رشته تحصیلی عضو فعال برای محاسبه کامل نباشد، Missing به صفر تبدیل نمی شود. | D6: Iran_BSI_v30_Phase4_2H_PreAdvisorReview.xlsx | تنوع تحصیلی و معماری آماده استاد | E6: Iran_BSI_Variety_SubPilot_A_Batch1_v2.xlsx و نسخه های تکمیلی Variety | F6: محاسباتی | G6: Missing و قابل اعمال نیست صفر نمی شوند | H6: بدون حدس؛ Source_ID و شواهد خام حفظ می شوند
A7: VAR06_Strict | B7: تنوع سابقه حرفه ای، نسخه سخت گیرانه | C7: ابتدا سابقه حرفه ای صریح در گروه های از پیش تعریف شده کدگذاری می شود. عنوان عمومی مدیریتی بدون مسیر وظیفه ای به تنهایی طبقه بندی نمی شود. سپس Blau برابر ۱ منهای مجموع مربع سهم گروه ها محاسبه می شود. | D7: Iran_BSI_v30_Phase4_2H_PreAdvisorReview.xlsx | تنوع سابقه حرفه ای | E7: کدگذاری سابقه حرفه ای اعضا از رزومه و افشاهای رسمی | F7: محاسباتی | G7: Missing و قابل اعمال نیست صفر نمی شوند | H7: بدون حدس؛ Source_ID و شواهد خام حفظ می شوند
A8: VAR10 | B8: تخصص مالی مستند ترکیبی | C8: تعداد اعضایی که تخصص مالی آنها از تحصیلات یا سابقه حرفه ای به طور مستند قابل تایید است تقسیم بر تعداد اعضای قابل ارزیابی. | D8: Iran_BSI_v30_Phase4_2H_PreAdvisorReview.xlsx و Iran_BSI_v31_Phase4_2I_MaximumMeasureRecovery.xlsx | تخصص هیئت مدیره | E8: تحصیلات و سابقه حرفه ای رسمی اعضای هیئت مدیره | F8: محاسباتی | G8: Missing و قابل اعمال نیست صفر نمی شوند | H8: بدون حدس؛ Source_ID و شواهد خام حفظ می شوند
A9: CR1A | B9: تغییر رئیس هیئت مدیره | C9: هویت رئیس هیئت مدیره در پنجره زمانی مشترک با توالی افشاهای رسمی مقایسه می شود. تغییر تاییدشده برابر بله و نبود تغییر تاییدشده برابر خیر است. جهت کیفیت از پیش مثبت یا منفی فرض نمی شود. | D9: CR1A v39؛ Turnover Seat Reconstruction v38؛ تاریخچه v30 محفوظ است | E9: افشاهای رسمی انتصاب و تغییر اعضای هیئت مدیره | F9: استخراج و مقایسه | G9: نامشخص و متعارض صفر نمی شوند؛ پوشش عددی از پوشش محافظه کارانه جدا است. تاریخ موثر مبنای اصلی است و حساسیت انتشار جم حفظ می شود. | H9: بدون حدس؛ Source_ID و شواهد خام حفظ می شوند
A10: AUD01 | B10: وجود کمیته حسابرسی | C10: وجود کمیته حسابرسی فقط با افشای رسمی صریح تایید می شود. نبود منبع کافی به معنی صفر نیست. | D10: Iran_BSI_v30_Phase4_2H_PreAdvisorReview.xlsx و Iran_BSI_v31_Phase4_2I_MaximumMeasureRecovery.xlsx | کمیته حسابرسی | E10: گزارش های فعالیت هیئت مدیره و جداول کمیته حسابرسی | F10: استخراج و مقایسه | G10: Missing و قابل اعمال نیست صفر نمی شوند | H10: بدون حدس؛ Source_ID و شواهد خام حفظ می شوند
A11: AUD02 | B11: اندازه کمیته حسابرسی | C11: تعداد اعضای کمیته حسابرسی فقط در شرکت هایی که فهرست اعضا به طور کامل قابل خواندن و تایید است. | D11: Iran_BSI_v31_Phase4_2I_MaximumMeasureRecovery.xlsx | کمیته حسابرسی خام و معیارهای کمیته حسابرسی | E11: فهرست رسمی اعضای کمیته حسابرسی | F11: محاسباتی | G11: Missing و قابل اعمال نیست صفر نمی شوند | H11: بدون حدس؛ Source_ID و شواهد خام حفظ می شوند
A12: IRN01 | B12: سهم کرسی اشخاص حقوقی | C12: تعداد کرسی هایی که صاحب کرسی آنها شخص حقوقی است تقسیم بر کل کرسی های فعال و قابل طبقه بندی هیئت مدیره. | D12: Iran_BSI_v30_Phase4_2H_PreAdvisorReview.xlsx | ساختار اشخاص حقوقی و معیارهای قابل توسعه | E12: جداول رسمی ترکیب هیئت مدیره | F12: محاسباتی | G12: Missing و قابل اعمال نیست صفر نمی شوند | H12: بدون حدس؛ Source_ID و شواهد خام حفظ می شوند
A13: IRN02 | B13: سهم کرسی اشخاص حقیقی | C13: تعداد کرسی های مستقیم اشخاص حقیقی تقسیم بر کل کرسی های فعال و قابل طبقه بندی. در طبقه بندی کامل، مکمل ریاضی IRN01 است. | D13: Iran_BSI_v30_Phase4_2H_PreAdvisorReview.xlsx | ساختار اشخاص حقوقی و معیارهای قابل توسعه | E13: جداول رسمی ترکیب هیئت مدیره | F13: محاسباتی | G13: Missing و قابل اعمال نیست صفر نمی شوند | H13: بدون حدس؛ Source_ID و شواهد خام حفظ می شوند
A14: SEP07 | B14: تفکیک مدیرعامل و رئیس هیئت مدیره | C14: اگر مدیرعامل و رئیس هیئت مدیره دو شخص متفاوت باشند مقدار تفکیک تایید می شود. هویت ها فقط از افشای رسمی گرفته می شوند. | D14: Iran_BSI_v30_Phase4_2H_PreAdvisorReview.xlsx | تفکیک مدیرعامل و رئیس هیئت مدیره | E14: هویت رئیس و مدیرعامل در افشاهای رسمی | F14: استخراج و مقایسه | G14: Missing و قابل اعمال نیست صفر نمی شوند | H14: بدون حدس؛ Source_ID و شواهد خام حفظ می شوند
A15: REF05 | B15: نرخ گردش شخص حقیقی هیئت مدیره | C15: تعداد کرسی های قابل مقایسه که شخص حقیقی آنها بین Snapshot ۱۴۰۳ و ۱۴۰۴ تغییر کرده تقسیم بر تعداد کرسی های دارای شخص حقیقی قابل مقایسه. تغییر سمت به تنهایی Turnover نیست و کرسی خالی به صورت خودکار تغییر نماینده محسوب نمی شود. | D15: Turnover نهایی | ستون های صورت گردش فردی و مخرج گردش فردی | E15: v33 و شش Batch بررسی بصری و تطبیق اسناد کدال | F15: محاسباتی | G15: Missing و قابل اعمال نیست صفر نمی شوند | H15: بدون حدس؛ Source_ID و شواهد خام حفظ می شوند
... A21: CORR | B21: همبستگی Measureها | C21: همبستگی Pearson روی نرخ های موجود و قابل مقایسه. این خروجی فقط برای بررسی همپوشانی است و به تنهایی مبنای انتخاب کیفیت نیست. | D21: برگه Correlation | E21: محاسبه از نرخ های تاییدشده Turnover نهایی | F21: محاسباتی | G21: Missing و قابل اعمال نیست صفر نمی شوند | H21: بدون حدس؛ Source_ID و شواهد خام حفظ می شوند
A24: ردیابی برگه های فایل
A25: برگه | B25: هدف | C25: روش تولید | D25: منبع یا ورودی | E25: فرمول یا منطق | F25: آیا داده خام دارد؟ | G25: کنترل کیفیت | H25: یادداشت
A26: خلاصه نهایی | B26: جمع بندی تغییر Coverage و معماری | C26: تجمیع خروجی های سایر برگه ها | D26: پوشش نهایی، معماری به روز شده و Audit Trail | E26: مقایسه قبل و بعد | F26: خیر | G26: سازگاری اعداد با برگه های مرجع | H26: خروجی ارائه ای
A27: جدول استاد | B27: نمایش Measureهای قابل توسعه | C27: تجمیع معماری و Coverage | D27: معماری به روز شده و پوشش نهایی | E27: Coverage برابر دارای داده تقسیم بر واجد شرایط | F27: خیر | G27: فرمول های Coverage نگهداری شده | H27: خروجی ارائه ای
A28: معماری به روز شده | B28: تصمیم نهایی Measureها | C28: سنتز شواهد فازهای ۴.۲ و Batchها | D28: v30، v31، v33 و v34 | E28: رتبه معماری براساس Coverage، Variation، جهت نظری و مقیاس پذیری | F28: خیر | G28: جهت نظری از Coverage جدا نگه داشته شده
A29: Constructهای مستقل | B29: جلوگیری از دوباره شماری | C29: گروه بندی Measureهای هم سازه | D29: معماری به روز شده | E29: Measureهای مکمل یا تبدیل ریاضی یک Construct مستقل محسوب نمی شوند | F29: خیر | G29: همپوشانی مفهومی کنترل شده
A30: وضعیت ۳۰ شرکت | B30: وضعیت نهایی هر شرکت | C30: تجمیع v33 و Batchهای ۱ تا ۶ | D30: اسناد کدال و فایل های Batch | E30: طبقه بندی تاییدشده، حل نشده، خارج از مخرج | F30: بله | G30: هیچ Missing به صفر تبدیل نشده
A31: Turnover نهایی | B31: محاسبات اصلی گردش و تغییر نماینده | C31: تطبیق دو Snapshot سال ۱۴۰۳ و ۱۴۰۴ | D31: اسناد رسمی کدال، v33 و Batchهای ۱ تا ۶ | E31: نرخ ها از صورت تقسیم بر مخرج محاسبه می شوند | F31: بله | G31: Cutoff، vacancy، تغییر سمت و N/A کنترل شده | H31: مرجع اصلی خانواده Turnover
A32: پوشش نهایی | B32: Coverage خانواده Turnover | C32: شمارش از Turnover نهایی | D32: Turnover نهایی | E32: دارای داده تقسیم بر واجد شرایط | F32: خیر | G32: N/A و خارج از مخرج جدا هستند
A33: Variation نهایی | B33: آمار توصیفی | C33: محاسبه روی نرخ های تاییدشده | D33: Turnover نهایی | E33: کمینه، بیشینه، میانگین، میانه، انحراف معیار و شمارش صفر | F33: خیر | G33: فقط داده تاییدشده
A34: Correlation | B34: بررسی همپوشانی | C34: Pearson روی مشاهدات زوجی | D34: Turnover نهایی | E34: CORREL روی نرخ های موجود | F34: خیر | G34: برای جلوگیری از دوباره شماری
A35: Construct ایران محور | B35: ارزیابی پویایی نمایندگی | C35: سنتز REF08 | D35: Turnover نهایی | E35: شمارش وقوع، میانگین، میانه، کمینه، بیشینه و همبستگی | F35: خیر | G35: فقط شرکت های دارای ساختار نمایندگی حقوقی تاییدشده
A36: ۱۲ شاخص اصلی BSI | B36: Mapping شاخص اصلی به ایران | C36: ممیزی مفهومی و داده ای | D36: v30 و v31 | E36: Direct، Proxy، Robustness، Drop یا Unresolved | F36: خیر | G36: هیچ معادل مستقیم بدون شواهد ادعا نشده
A37: ثبت منابع Batchها | B37: ثبت Source_ID و لینک کدال | C37: استخراج مستقیم از فایل های Batch | D37: اسناد رسمی کدال | E37: بدون محاسبه | F37: بله | G37: ردیابی Source_ID و صفحه | H37: مرجع URL
A38: Audit Trail | B38: تاریخچه تصمیم ها | C38: ثبت تغییرات مرحله ای | D38: v33 و Batchهای ۱ تا ۶ | E38: بدون محاسبه | F38: خیر | G38: قابلیت بازسازی تصمیم
A39: چک لیست نهایی | B39: کنترل پایانی | C39: ممیزی ساختاری فایل | D39: تمام برگه ها | E39: کنترل تعداد شرکت، Missingness، فرمول و تکرار | F39: خیر | G39: باید قبل از تحویل تایید باشد

Sheet گپ های باز
A1: گپ های باز و تاریخچه حل تا v39
A3: ID | B3: موضوع | C3: شرکت یا Measure | D3: مشکل | E3: شاهد | F3: وضعیت | G3: اقدام لازم | H3: قاعده تصمیم
A4: G01 | B4: Turnover identity | C4: تاپیکو | D4: Snapshot FY1403 ناهمتراز و احتمال Look Ahead | E4: Conflict Log C10 | F4: حل شد (v38) | G4: بازبینی سند و Snapshot قبل از Cutoff | H4: Confirmed: Snapshot تاپیکو بازسازی شد
A5: G02 | B5: Turnover identity | C5: کچاد | D5: هویت K برابر N منهای M نقض شده | E5: Conflict Log C13 | F5: حل شد (v38) | G5: بازخوانی Seat Matching | H5: Confirmed: Snapshot مبنا Look-Ahead بود
A6: G03 | B6: Turnover identity | C6: پارسان | D6: Q برابر ۷ با ساختار حقوقی v22 ناسازگار | E6: Conflict Log C11 | F6: حل شد (v38) | G6: بازبینی roster و seat structure | H6: High: Q=5؛ ۵ کرسی حقوقی
A7: G04 | B7: Turnover identity | C7: وتجارت | D7: ساختار حل شده؛ تاریخ خروج شریفیان و ناسازگاری اسناد نیازمند بررسی است. | E7: Conflict Log C12 | F7: باز با شواهد تکمیلی v39 | G7: دریافت سند خروج و تطبیق نسخه اولیه با اصلاحیه | H7: ساختار تایید؛ تاریخ خروج شریفیان Needs Review
A8: G05 | B8: Turnover identity | C8: جم | D8: P کمتر از G | E8: Conflict Log C14 | F8: حل شد (v38) | G8: بازبینی New Member vs Seat Change | H8: P<G مشروع (جابه‌جایی)؛ P=1
A9: G06 | B9: Turnover identity | C9: خساپا | D9: P کمتر از G | E9: Conflict Log C14 | F9: حل شد (v38) | G9: بازبینی جابجایی فرد بین کرسی ها | H9: مقادیر v35 تایید؛ P<G مشروع
A10: G07 | B10: AUD01 page review | C10: ۶ شرکت Keyword Hit | D10: وجود کلیدواژه بدون تایید صفحه | E10: Conflict Log و Audit Committees | F10: حل شد برای ۶ شرکت؛ وپاسار باز | G10: بازبینی صفحه | H10: Keyword Hit به تنهایی YES نیست؛ فقط افشای صریح
A11: G08 | B11: Source URL | C11: ۹ شرکت | D11: URL منبع در رجیستری کامل نیست | E11: Conflict Log C18 | F11: باز | G11: تکمیل Source Registry | H11: نبود URL به معنی نبود Source نیست ولی provenance باید کامل شود
A12: G09 | B12: Source registry | C12: ۴ شرکت | D12: ردیف پایه رجیستری موجود نیست | E12: Conflict Log C18 | F12: باز | G12: افزودن ردیف پایه Source_ID | H12: تمام مقدارهای Raw باید Source داشته باشند
A13: G10 | B13: REF08 | C13: خودرو | D13: دلیل تغییر نماینده تایید نشده | E13: Required Corrections | F13: حل شد (v38) | G13: Source Review | H13: REF08 خودرو = ۱/۵
A14: G11 | B14: ترکیب تاریخی هیئت مدیره | C14: وپاسار | D14: پایان ۱۴۰۴ مستند نیست و پایه پنج یا هفت نفره حل نشده است. | E14: V39S04؛ V39S08 | F14: باز در v39 | G14: دریافت گزارش 1526305 و تطبیق صورتجلسه و امضاها | H14: فراداده سند با متن و فهرست اعضا یکسان نیست
... A16: G13 | B16: تعارض تغییر رئیس | C16: فملی | D16: خیر در v38 با پرچم تعارض قبلی همراه است؛ سند حل کننده در این مرحله دریافت نشد. | E16: CR1A v39؛ Conflict Log C04 | F16: باز در v39 | G16: تطبیق نام رئیس در دو نقطه و افشاهای میانی | H16: از شمارش محافظه کارانه کنار گذاشته شد؛ مقدار خام حذف نشد

Sheet خلاصه نهایی
A1: جمع بندی نهایی ممیزی مستقل Iran BSI
A2: نسخه v39 مبتنی بر فایل v38؛ محاسبات CR1A همگام و سه پرونده سندی با وضعیت واقعی ثبت شدند.
A4: موضوع | B4: وضعیت نهایی | C4: عدد یا دامنه | D4: تفسیر | E4: منبع | F4: روش محاسبه یا مبنا | G4: وضعیت ممیزی | H4: اقدام بعدی
A5: حکم فایل v35 | B5: نیازمند اصلاحات اساسی | C5: V35_REQUIRES_MATERIAL_CORRECTIONS | D5: ممیزی مستقل چند اصلاح عددی و معماری پیدا کرد | E5: Final Audit Verdict | F5: ممیزی بازتولیدپذیری داده، Coverage، فرمول و Source | G5: قطعی | H5: نسخه v35 مبنا قرار نگیرد
A6: نسخه جاری | B6: اصلاحات تاییدشده اعمال شده | C6: v39 CR1A Audit and Open Gaps | D6: همگام سازی تغییر رئیس و اصلاح فرمول های ناسازگار انجام شد؛ داده خام سه شرکت بدون سند تازه تغییر نکرد. | E6: CR1A v39؛ Gap Review v39؛ Changes v39 | F6: فقط اصلاحات دارای شاهد اعمال شده اند | G6: قابل استفاده با محدودیت و گپ باز | H6: بازبینی Source Reviewهای باز
A7: Measureهای موجود برای Scale Up | B7: ۶ Measure | C7: S1A, V1, VAR06, VAR10, AUD01, REF05 | D7: شش Measure موجود پس از ممیزی همچنان قابلیت توسعه دارند | E7: Audit Measureها | F7: شمارش وضعیت SCALE_UP_PRIMARY و SCALE_UP_WITH_LIMITATION در Measureهای موجود | G7: با محدودیت | H7: در طراحی نمونه اصلی حفظ شوند
A8: Measure ساختاری ایران | B8: ۱ Measure | C8: IRN01 | D8: ساختاری است و نباید به صورت مکانیکی Higher Better امتیازدهی شود | E8: Audit Measureها | F8: سهم کرسی های اشخاص حقوقی از کل کرسی های قابل طبقه بندی | G8: با محدودیت | H8: به عنوان Measure ساختاری نگهداری شود
A9: Measureهای کنترلی | B9: ۲ Measure | C9: CR1A و SEP07 | D9: CR1A جهت کیفی روشن ندارد و SEP07 در ۲۶ شرکت شناخته شده Variation صفر دارد | E9: Audit Measureها | F9: طبقه بندی CONTROL_DIAGNOSTIC | G9: قطعی | H9: در Composite اصلی وارد نشوند
A10: Measureهای Robustness موجود | B10: ۲ Measure | C10: AUD02 و IRN02 | D10: AUD02 توصیفی است و IRN02 مکمل دقیق IRN01 است | E10: Audit Redundancy | F10: نقش Robustness و کنترل دوباره شماری | G10: قطعی | H10: فقط در Robustness
A11: REF08 | B11: نیازمند اعتبارسنجی هدفمند | C11: 25 از 25 واجد شرایط (v38) | D11: پوشش عددی REF08 طبق v38 برابر ۲۵ از ۲۵ واجد شرایط است؛ این عدد به معنی بسته شدن پرونده های فردی سه شرکت نیست. | E11: Audit Coverage + Conflict Log | F11: تغییر نماینده حقیقی فقط در کرسی با شخص حقوقی ثابت | G11: NEEDS_SOURCE_REVIEW | H11: قبل از Scale Up بازبینی موارد باز
A12: Constructهای مستقل | B12: ۹ Construct | C12: پس از خروج SEP07 از Construct مستقل | D12: شمارش ۱۰ Construct قبلی اصلاح شد | E12: Final Audit Verdict | F12: گروه بندی Measureهای غیرتکراری پس از Redundancy Audit | G12: قطعی | H12: مبنای معماری فعلی
A13: Candidate جدید قابل توسعه | B13: سهم اعضای دارای دکترا | C13: ۳۰ از ۳۰ شرکت | D13: Variation واقعی دارد ولی با V1 و VAR10 همپوشانی جزئی دارد | E13: Scale Up Candidates | F13: تعداد اعضای دارای مدرک دکترا تقسیم بر اعضای دارای Education Level قابل ارزیابی | G13: SCALE_UP_WITH_LIMITATION | H13: فعلا خارج Composite، در Phase 5 تست شود
A14: Fully Verified در تعریف سخت گیرانه | B14: ۰ Measure | C14: تعریف Source to Value داخل همین فایل | D14: این صفر به معنی بی اعتبار بودن Measureها نیست؛ یعنی داده خام per firm همه Measureهای غیر Turnover داخل v35 تعبیه نشده بود | E14: Verified Measures | F14: تعریف سخت گیرانه ممیزی مستقل | G14: محتاطانه | H14: برای Fully Verified باید Raw Per Firm همه Measureها در Master وارد شود
A15: Verified With Limitation | B15: ۸ Measure | C15: S1A, V1, VAR10, IRN01, IRN02, ROB_LEGAL, ROB_NEW, ROB_STABILITY | D15: این Measureها از ممیزی عبور کرده اند ولی محدودیت روش شناختی یا داده ای دارند | E15: Verified Measures | F15: طبقه VERIFIED_WITH_LIMITATION | G15: قابل استفاده با محدودیت | H15: محدودیت هر Measure حفظ شود
A16: گپ های باز مهم | B16: Source Review | C16: وتجارت، وپاسار، حکشتی؛ تعارض CR1A فملی؛ موارد کمیته حسابرسی و منابع از مراحل قبل | D16: برای سه شرکت سندی که امکان بسته شدن کامل پرونده را بدهد دریافت نشد؛ سرنخ های تازه ثبت شد و هیچ داده حدسی وارد نشد. | E16: Gap Review v39؛ CR1A v39؛ گپ های باز | F16: ثبت تعارض بدون حدس عددی | G16: باز | H16: تکمیل اسناد تاریخی و حل تعارض ها پیش از نهایی کردن پایگاه
A19: وضعیت پروژه
A20: [x] | B20: Phase 4.2A تا Phase 4.2K
A21: [x] | B21: شش Batch تکمیل Turnover
A22: [x] | B22: ممیزی مستقل v35
A23: [x] | B23: اصلاحات تاییدشده v36
A24: [x] | B24: کشف Measureهای جدید
A25: [ ] | B25: بازبینی Source Reviewهای باز
A26: [ ] | B26: بررسی استاد
A27: [ ] | B27: Phase 5 طراحی نمونه اصلی
A28: [ ] | B28: Phase 6 استخراج در مقیاس بزرگ
A29: [ ] | B29: Phase 7 ساخت شاخص نهایی
A30: [ ] | B30: Phase 8 اعتبارسنجی
A31: [ ] | B31: Phase 9 سنجش تاب آوری

Sheet جدول استاد
A1: جدول نهایی Measureها برای ارائه به استاد پس از ممیزی مستقل
A2: Measureهای موجود، نقش نهایی، پوشش ممیزی و Candidate جدید قابل توسعه
A3: کد | B3: معیار | C3: سازه | D3: دارای داده | E3: واجد شرایط | F3: پوشش واجد شرایط | G3: پوشش کل ۳۰ | H3: Variation | I3: Evidence Quality | J3: Directionality | K3: نقش در معماری | L3: وضعیت نهایی | M3: محدودیت اصلی | N3: روش محاسبه یا تعریف عملیاتی | O3: منبع اصلی | P3: وضعیت ممیزی | Q3: اقدام
A4: S1A | B4: پروکسی استقلال ساختاری هیئت مدیره | C4: استقلال ساختاری | D4: 28 | E4: 30 | F4: =D4/E4 -> 0.93333333 | G4: =D4/30 -> 0.93333333 | H4: بله | I4: MODERATE | J4: CONTEXT_DEPENDENT | K4: اصلی | L4: SCALE_UP_PRIMARY | M4: پروکسی است نه استقلال صریح | N4: اعضای غیرموظف تقسیم بر اعضای دارای وضعیت موظف یا غیرموظف قابل تایید | O4: v22 Canonical Board Members + Source_IDهای ممیزی | P4: VERIFIED_WITH_LIMITATION | Q4: حفظ
A5: V1 | B5: تنوع رشته تحصیلی | C5: تنوع تحصیلی | D5: 28 | E5: 30 | F5: =D5/E5 -> 0.93333333 | G5: =D5/30 -> 0.93333333 | H5: بله | I5: MODERATE | J5: POSITIVE_DIRECTION | K5: اصلی | L5: SCALE_UP_PRIMARY | M5: حساس به اندازه هیئت | N5: Blau خام برابر ۱ منهای مجموع مربع سهم رشته ها | O5: v22 Education_Field_Harmonized | P5: VERIFIED_WITH_LIMITATION | Q5: حفظ
A6: VAR06_Strict | B6: تنوع سابقه حرفه ای، نسخه سخت گیرانه | C6: تنوع حرفه ای | D6: 27 | E6: 28 | F6: =D6/E6 -> 0.96428571 | G6: =D6/30 -> 0.9 | H6: بله | I6: MODERATE | J6: POSITIVE_DIRECTION | K6: اصلی با محدودیت | L6: SCALE_UP_WITH_LIMITATION | M6: بار قضاوت انسانی و پوشش ۲۷ | N6: کدگذاری Strict سپس Blau خام | O6: v25 Professional Background Strict | P6: NEEDS_CORRECTION | Q6: پوشش اصلاح شده، منطق حفظ
A7: VAR10 | B7: تخصص مالی مستند ترکیبی | C7: تخصص هیئت مدیره | D7: 28 | E7: 28 | F7: =D7/E7 -> 1 | G7: =D7/30 -> 0.93333333 | H7: بله | I7: MODERATE | J7: POSITIVE_DIRECTION | K7: اصلی با محدودیت | L7: SCALE_UP_WITH_LIMITATION | M7: همپوشانی با سابقه حرفه ای و تحصیلی | N7: اعضای دارای تخصص مالی مستند تقسیم بر اعضای قابل ارزیابی | O7: v25 Financial Expertise | P7: VERIFIED_WITH_LIMITATION | Q7: حفظ
A8: CR1A | B8: تغییر رئیس هیئت مدیره | C8: ثبات رهبری | D8: ='CR1A v39'!B39 -> 26 | E8: ='CR1A v39'!B44 -> 30 | F8: =D8/E8 -> 0.86666667 | G8: =D8/30 -> 0.86666667 | H8: بله | I8: LOW | J8: NO_CLEAR_DIRECTION | K8: کنترلی | L8: CONTROL_DIAGNOSTIC | M8: ۲۷ کد موجود؛ ۲۶ بدون تعارض باز ثبت شده؛ فملی نیازمند بررسی و سه شرکت نامشخص | N8: مقایسه هویت رئیس در chronology رسمی | O8: CR1A v39؛ بازسازی سطح کرسی v38 و ممیزی های قبلی | P8: NEEDS_SOURCE_REVIEW | Q8: خارج Composite
A9: AUD01 | B9: وجود کمیته حسابرسی | C9: نظارت | D9: 29 | E9: 30 | F9: =D9/E9 -> 0.96666667 | G9: =D9/30 -> 0.96666667 | H9: بله | I9: MODERATE | J9: POSITIVE_DIRECTION | K9: اصلی با محدودیت | L9: SCALE_UP_WITH_LIMITATION | M9: وپاسار هنوز بدون افشای صریح؛ مقطع پایان دوره شرکت ها یکسان نیست | N9: وجود فقط با افشای رسمی صریح تایید می شود | O9: AC Company v40 و AC Sources v40 | P9: VERIFIED_WITH_LIMITATION | Q9: حفظ با بازبینی موارد باز
A10: AUD02 | B10: اندازه کمیته حسابرسی | C10: نظارت | D10: 27 | E10: 30 | F10: =D10/E10 -> 0.9 | G10: =D10/30 -> 0.9 | H10: بله | I10: LOW | J10: NONLINEAR_POSSIBLE | K10: Robustness | L10: ROBUSTNESS_ONLY | M10: سه شرکت با فهرست ناقص یا نامشخص (فخوز، حکشتی، وپاسار) | N10: تعداد اعضای کمیته در roster کامل و قابل خواندن | O10: AC Members v40 و AC Company v40 | P10: VERIFIED_WITH_LIMITATION | Q10: فقط Robustness
A11: IRN01 | B11: سهم کرسی اشخاص حقوقی | C11: ساختار نمایندگی | D11: 29 | E11: 30 | F11: =D11/E11 -> 0.96666667 | G11: =D11/30 -> 0.96666667 | H11: ضعیف | I11: MODERATE | J11: NO_CLEAR_DIRECTION | K11: ساختاری | L11: STRUCTURAL_GOVERNANCE_MEASURE | M11: تقریبا Dummy بانکی | N11: کرسی حقوقی تقسیم بر کل کرسی های فعال قابل طبقه بندی | O11: v22 Legal_Entity_Represented | P11: VERIFIED_WITH_LIMITATION | Q11: حفظ به عنوان ساختاری
A12: IRN02 | B12: سهم کرسی اشخاص حقیقی | C12: ساختار نمایندگی | D12: 29 | E12: 30 | F12: =D12/E12 -> 0.96666667 | G12: =D12/30 -> 0.96666667 | H12: ضعیف | I12: MODERATE | J12: NO_CLEAR_DIRECTION | K12: Robustness | L12: ROBUSTNESS_ONLY | M12: مکمل دقیق IRN01 | N12: کرسی حقیقی تقسیم بر کل کرسی های فعال قابل طبقه بندی | O12: v22 | P12: VERIFIED_WITH_LIMITATION | Q12: همزمان با IRN01 وارد نشود
A13: SEP07 | B13: تفکیک مدیرعامل و رئیس هیئت مدیره | C13: تفکیک رهبری | D13: 26 | E13: 30 | F13: =D13/E13 -> 0.86666667 | G13: =D13/30 -> 0.86666667 | H13: صفر | I13: MODERATE | J13: POSITIVE_DIRECTION | K13: کنترلی | L13: CONTROL_DIAGNOSTIC | M13: Variation صفر در ۲۶ شرکت شناخته شده | N13: دو شخص متفاوت برابر تفکیک | O13: v22 Chair_Flag و CEO_Flag | P13: NEEDS_CORRECTION | Q13: خارج Composite فعلی
A14: REF05 | B14: نرخ گردش شخص حقیقی هیئت مدیره | C14: تجدید و گردش | D14: 28 | E14: 29 | F14: =D14/E14 -> 0.96551724 | G14: =D14/30 -> 0.93333333 | H14: بله | I14: MODERATE | J14: CONTEXT_DEPENDENT | K14: اصلی با محدودیت | L14: SCALE_UP_WITH_LIMITATION | M14: جهت اثر احتمالا غیرخطی | N14: کرسی های قابل مقایسه با فرد تغییر یافته تقسیم بر کرسی های فردی قابل مقایسه | O14: Turnover نهایی ستون های G و H + Source Registry | P14: NEEDS_CORRECTION | Q14: خودرو اصلاح شد، موارد Source Review باقی است
A15: REF08 | B15: تغییر نماینده حقیقی با شخص حقوقی ثابت | C15: پویایی نمایندگی | D15: 25 | E15: 25 | F15: =D15/E15 -> 1 | G15: =D15/30 -> 0.83333333 | H15: بله | I15: LOW | J15: NO_CLEAR_DIRECTION | K15: اعتبارسنجی هدفمند | L15: TARGETED_VALIDATION | M15: خودرو Missing و چند Source Review | N15: کرسی حقوقی ثابت با نماینده جدید تقسیم بر کرسی حقوقی ثابت قابل مقایسه | O15: Turnover نهایی ستون های J و K + Conflict Log | P15: NEEDS_SOURCE_REVIEW | Q15: فعلا Scale Up نشود
A16: N02 | B16: سهم اعضای دارای دکترا | C16: سرمایه انسانی | D16: 30 | E16: 30 | F16: =D16/E16 -> 1 | G16: =D16/30 -> 1 | H16: بله | I16: MODERATE | J16: CONTEXT_DEPENDENT | K16: Candidate توسعه | L16: SCALE_UP_WITH_LIMITATION | M16: همپوشانی جزئی با V1 و VAR10 | N16: اعضای دارای دکترا تقسیم بر اعضای دارای Education Level قابل ارزیابی | O16: Education_Level + روستر یا بیوگرافی کدال؛ نمونه SRC_FARS_1404_001 ص۴۰ | P16: CANDIDATE_TESTED | Q16: فعلا خارج Composite، در Phase 5 تست شود

Sheet کاندید دکترا N02
A1: Candidate جدید N02: سهم اعضای دارای دکترا
A3: فیلد | B3: مقدار
A4: کد | B4: N02
A5: نام فارسی | B5: سهم اعضای دارای دکترا
A6: نام انگلیسی | B6: Doctorate Share
A7: سازه | B7: سرمایه انسانی
A8: تعریف مفهومی | B8: سهم اعضای هیئت مدیره دارای مدرک دکترا
A9: فرمول | B9: تعداد اعضای دارای مدرک دکترا تقسیم بر تعداد اعضای دارای Education Level قابل ارزیابی
A10: واحد | B10: درصد
A11: داده خام لازم | B11: Education_Level
A12: منبع | B12: روستر یا بیوگرافی رسمی کدال
A13: نمونه شاهد | B13: SRC_FARS_1404_001 ص۴۰
A14: پوشش فعلی | B14: ۳۰ از ۳۰
... A23: گام بعد | B23: در Phase 5 روی پنل تاریخی و همپوشانی با V1 و VAR10 تست شود

Sheet معماری به روز شده
A1: معماری Iran BSI پس از ممیزی مستقل v36 و یکپارچه سازی v37
A2: تفکیک Scale Up، Structural، Control، Robustness و Targeted Validation برای جلوگیری از دوباره شماری
A3: کد | B3: نام معیار | C3: سازه | D3: دارای داده | E3: واجد شرایط | F3: پوشش | G3: Directionality | H3: Evidence Quality | I3: Scalability | J3: Overlap Risk | K3: نقش پیشنهادی | L3: وضعیت نهایی | M3: روش محاسبه | N3: منبع
A4: S1A | B4: پروکسی استقلال ساختاری | C4: استقلال ساختاری | D4: 28 | E4: 30 | F4: =D4/E4 -> 0.93333333 | G4: CONTEXT_DEPENDENT | H4: MODERATE | I4: HIGH | J4: LOW | K4: اصلی | L4: SCALE_UP_PRIMARY | M4: غیرموظف بر اعضای قابل تایید | N4: v22
A5: V1 | B5: تنوع رشته تحصیلی | C5: تنوع تحصیلی | D5: 28 | E5: 30 | F5: =D5/E5 -> 0.93333333 | G5: POSITIVE_DIRECTION | H5: MODERATE | I5: HIGH | J5: LOW | K5: اصلی | L5: SCALE_UP_PRIMARY | M5: Blau خام | N5: v22
A6: VAR06_Strict | B6: تنوع سابقه حرفه ای | C6: تنوع حرفه ای | D6: 27 | E6: 28 | F6: =D6/E6 -> 0.96428571 | G6: POSITIVE_DIRECTION | H6: MODERATE | I6: MEDIUM | J6: MEDIUM | K6: اصلی با محدودیت | L6: SCALE_UP_WITH_LIMITATION | M6: Strict coding سپس Blau | N6: v25
A7: VAR10 | B7: تخصص مالی مستند | C7: تخصص هیئت | D7: 28 | E7: 28 | F7: =D7/E7 -> 1 | G7: POSITIVE_DIRECTION | H7: MODERATE | I7: MEDIUM | J7: MEDIUM | K7: اصلی با محدودیت | L7: SCALE_UP_WITH_LIMITATION | M7: سهم اعضای دارای تخصص مالی مستند | N7: v25
A8: AUD01 | B8: وجود کمیته حسابرسی | C8: نظارت | D8: 29 | E8: 30 | F8: =D8/E8 -> 0.96666667 | G8: POSITIVE_DIRECTION | H8: MODERATE | I8: HIGH | J8: LOW | K8: اصلی با محدودیت | L8: SCALE_UP_WITH_LIMITATION | M8: وجود صریح کمیته حسابرسی | N8: v40 جدول کمیته در گزارش دوره ۱۴۰۴
A9: REF05 | B9: گردش شخص حقیقی | C9: تجدید و گردش | D9: 28 | E9: 29 | F9: =D9/E9 -> 0.96551724 | G9: CONTEXT_DEPENDENT | H9: MODERATE | I9: MEDIUM | J9: MEDIUM | K9: اصلی با محدودیت | L9: SCALE_UP_WITH_LIMITATION | M9: تغییر فرد در کرسی های قابل مقایسه | N9: Turnover نهایی
A10: IRN01 | B10: سهم کرسی حقوقی | C10: ساختار نمایندگی | D10: 29 | E10: 30 | F10: =D10/E10 -> 0.96666667 | G10: NO_CLEAR_DIRECTION | H10: MODERATE | I10: HIGH | J10: LOW | K10: ساختاری | L10: STRUCTURAL_GOVERNANCE_MEASURE | M10: سهم کرسی حقوقی | N10: v22
A11: CR1A | B11: تغییر رئیس | C11: ثبات رهبری | D11: ='CR1A v39'!B39 -> 26 | E11: ='CR1A v39'!B44 -> 30 | F11: =D11/E11 -> 0.86666667 | G11: NO_CLEAR_DIRECTION | H11: LOW | I11: MEDIUM | J11: LOW | K11: کنترل | L11: CONTROL_DIAGNOSTIC | M11: مقایسه هویت رئیس در پنجره مشترک؛ پذیرش محافظه کارانه با محدودیت | N11: CR1A v39؛ شواهد v38؛ بدون امتیازدهی کیفیت
A12: SEP07 | B12: تفکیک مدیرعامل و رئیس | C12: تفکیک رهبری | D12: 26 | E12: 30 | F12: =D12/E12 -> 0.86666667 | G12: POSITIVE_DIRECTION | H12: MODERATE | I12: HIGH | J12: LOW | K12: کنترل | L12: CONTROL_DIAGNOSTIC | M12: هویت مدیرعامل و رئیس | N12: v22
A13: AUD02 | B13: اندازه کمیته حسابرسی | C13: نظارت | D13: 27 | E13: 30 | F13: =D13/E13 -> 0.9 | G13: NONLINEAR_POSSIBLE | H13: LOW | I13: HIGH | J13: HIGH | K13: Robustness | L13: ROBUSTNESS_ONLY | M13: تعداد اعضای کمیته | N13: v40 فهرست اعضا در مقطع پایان دوره
A14: IRN02 | B14: سهم کرسی حقیقی | C14: ساختار نمایندگی | D14: 29 | E14: 30 | F14: =D14/E14 -> 0.96666667 | G14: NO_CLEAR_DIRECTION | H14: MODERATE | I14: HIGH | J14: HIGH | K14: Robustness | L14: ROBUSTNESS_ONLY | M14: مکمل IRN01 | N14: v22
A15: REF08 | B15: تغییر نماینده با شخص حقوقی ثابت | C15: پویایی نمایندگی | D15: 25 | E15: 25 | F15: =D15/E15 -> 1 | G15: NO_CLEAR_DIRECTION | H15: LOW | I15: MEDIUM | J15: MEDIUM | K15: اعتبارسنجی هدفمند | L15: TARGETED_VALIDATION | M15: تغییر نماینده در کرسی حقوقی ثابت | N15: Turnover نهایی + Conflict Log
A16: N02 | B16: سهم اعضای دارای دکترا | C16: سرمایه انسانی | D16: 30 | E16: 30 | F16: =D16/E16 -> 1 | G16: CONTEXT_DEPENDENT | H16: MODERATE | I16: HIGH | J16: PARTIALLY_OVERLAPPING | K16: Candidate توسعه | L16: SCALE_UP_WITH_LIMITATION | M16: PhD تقسیم بر N | N16: Education_Level
A19: شمارش معماری پس از ممیزی
A20: Scale Up Primary موجود | B20: 2 | C20: S1A و V1
A21: Scale Up With Limitation موجود | B21: 4 | C21: VAR06، VAR10، AUD01، REF05
A22: Structural Governance موجود | B22: 1 | C22: IRN01
A23: Control Diagnostic موجود | B23: 2 | C23: CR1A و SEP07
A24: Robustness موجود | B24: 2 | C24: AUD02 و IRN02
A25: Targeted Validation موجود | B25: 1 | C25: REF08
A26: Candidate جدید Scale Up | B26: 1 | C26: N02، فعلا خارج Composite
A27: Construct مستقل فعلی | B27: 9 | C27: SEP07 Construct مستقل شمرده نمی شود

Sheet Constructهای مستقل
A1: Constructهای مستقل پس از ممیزی
A2: ۹ Construct مستقل فعلی؛ Role هر Construct جدا از شمارش Measure مشخص شده است
A3: سازه | B3: Measure اصلی | C3: Measure مکمل | D3: نقش | E3: وضعیت | F3: توضیح | G3: منبع یا مبنای محاسبه
A4: استقلال ساختاری | B4: S1A | D4: اصلی | E4: SCALE_UP_PRIMARY | F4: پروکسی ساختاری و نه استقلال صریح | G4: Audit Measureها
A5: تنوع تحصیلی | B5: V1 | C5: N02 Candidate | D5: اصلی | E5: SCALE_UP_PRIMARY | F5: N02 کاندید توسعه در همین خانواده است و Construct جدید ایجاد نمی کند | G5: Audit Measureها + Scale Up Candidates
A6: تنوع حرفه ای | B6: VAR06_Strict | D6: اصلی با محدودیت | E6: SCALE_UP_WITH_LIMITATION | F6: بار کدگذاری انسانی | G6: Audit Measureها
A7: تخصص هیئت مدیره | B7: VAR10 | D7: اصلی با محدودیت | E7: SCALE_UP_WITH_LIMITATION | F7: همپوشانی جزئی با تحصیلات و سابقه | G7: Audit Measureها
A8: ثبات رهبری | B8: CR1A | D8: کنترل | E8: CONTROL_DIAGNOSTIC | F8: جهت کیفی روشن ندارد | G8: Audit Measureها
A9: نظارت | B9: AUD01 | C9: AUD02 | D9: اصلی با محدودیت | E9: SCALE_UP_WITH_LIMITATION | F9: AUD02 فقط Robustness است | G9: Audit Measureها
A10: ساختار نمایندگی | B10: IRN01 | C10: IRN02 | D10: ساختاری | E10: STRUCTURAL_GOVERNANCE_MEASURE | F10: IRN02 مکمل ریاضی IRN01 و فقط Robustness است | G10: Audit Redundancy
A11: تجدید و گردش هیئت مدیره | B11: REF05 | C11: ROB_NEW / ROB_STABILITY | D11: اصلی با محدودیت | E11: SCALE_UP_WITH_LIMITATION | F11: Stability مکمل ریاضی Turnover و New Member همپوشانی بالا دارد | G11: Audit Redundancy
A12: پویایی نمایندگی خاص ایران | B12: REF08 | C12: ROB_LEGAL | D12: اعتبارسنجی هدفمند | E12: TARGETED_VALIDATION | F12: REF08 هنوز Source Review دارد | G12: Audit Measureها + Conflict Log

Sheet وضعیت ۳۰ شرکت
A1: وضعیت نهایی ۳۰ شرکت
A2: پوشش نهایی پس از تجمیع تمام Batchها
A3: شرکت | B3: وضعیت Turnover | C3: واجد شرایط Turnover | D3: Representative Change | E3: کیفیت | F3: منبع مرحله | G3: روش | H3: یادداشت | I3: ارجاع منبع مستقیم
A4: فملی | B4: تاییدشده | C4: بله | D4: قابل محاسبه | E4: بالا | F4: پایه v33 | G4: DIRECT_ROSTER_COMPARISON | H4: تایید قبلی؛ بدون تغییر در همه کرسی های قابل مقایسه | I4: Iran_BSI_v33_Phase4_2K_FinalTurnoverClosure.xlsx | برگه های گردش اشخاص حقیقی، تغییر نماینده، تغییر شخص حقوقی، اعضای جدید، ثبات هیئت و تغییر رئیس
A5: تاپیکو | B5: تاییدشده (v38) | C5: بله | D5: قابل محاسبه | E5: بالا | F5: پایه v33 | G5: TYPE19_CUTOFF_CHRONOLOGY_V38 | H5: v38: ۳ تغییر نماینده با شخص حقوقی ثابت؛ Confirmed | I5: Iran_BSI_v33_Phase4_2K_FinalTurnoverClosure.xlsx | برگه های گردش اشخاص حقیقی، تغییر نماینده، تغییر شخص حقوقی، اعضای جدید، ثبات هیئت و تغییر رئیس
A6: فارس | B6: تاییدشده | C6: بله | D6: قابل محاسبه | E6: بالا | F6: پایه v33 | G6: DIRECT_ROSTER_COMPARISON | H6: نمونه مهم تغییر نماینده با شخص حقوقی ثابت | I6: Iran_BSI_v33_Phase4_2K_FinalTurnoverClosure.xlsx | برگه های گردش اشخاص حقیقی، تغییر نماینده، تغییر شخص حقوقی، اعضای جدید، ثبات هیئت و تغییر رئیس | تایید تکمیلی در Iran_BSI_v31_Phase4_2I_MaximumMeasureRecovery.xlsx، شواهد خام
A7: خودرو | B7: تاییدشده (v38) | C7: بله | D7: قابل محاسبه | E7: بالا | F7: پایه v33 | G7: TYPE19_CUTOFF_CHRONOLOGY_V38 | H7: v38: REF08 = ۱ از ۵؛ Confirmed | I7: Iran_BSI_v33_Phase4_2K_FinalTurnoverClosure.xlsx | روش MEMBERSHIP_START_RECONSTRUCTION و برگه های خانواده Turnover
A8: زاگرس | B8: تاییدشده | C8: بله | D8: قابل محاسبه | E8: بالا | F8: پایه v33 | G8: DIRECT_ROSTER_COMPARISON | H8: دو تغییر نماینده در سه کرسی تاییدشده | I8: SRC_ZGRS_1404_002 (p.26, FY1403) و SRC_ZGRS_1404_001 (p.26, FY1404) | بازخوانی کامل این فاز؛ بدون دانلود جدید Iran_BSI_v33_Phase4_2K_FinalTurnoverClosure.xlsx | تطبیق کرسی ها و شواهد خام | SRC_ZGRS_1404_002 و SRC_ZGRS_1404_001، صفحه ۲۶
A9: شبندر | B9: تاییدشده | C9: بله | D9: قابل محاسبه | E9: متوسط | F9: Batch 1 | G9: MULTI_SOURCE_ROSTER_COMPARISON | H9: رمزگذاری عربی سند با جستجوی دو الفبا حل شد | I9: SRC_SHBN_1404_007 | T19 اصلاحیه | جلسه هیئت مدیره ۱۴۰۳/۱۲/۲۷ | صفحه ۱ | Roster مستقیم ۱۴۰۳ SRC_SHBN_1404_003 | T19 | جلسه هیئت مدیره ۱۴۰۴/۱۰/۱۸ | صفحه ۱ | Roster مستقیم ۱۴۰۴ SRC_SHBN_1404_001 (p.55-56 کمیته حسابرسی، p.82-84 روستر هیئت‌مدیره) | بازخوانی جزئی این فاز با الگوی جستجوی عربی؛ بدون دانلود جدید
A10: پارس | B10: تاییدشده | C10: بله | D10: قابل محاسبه | E10: متوسط | F10: Batch 1 | G10: TYPE19_CHRONOLOGY | H10: FY1403 از ستون نماینده قبلی افشای نوع ۱۹ بازسازی شد | I10: SRC_PARS_1404_008 | T19 | جلسه هیئت مدیره ۱۴۰۴/۰۱/۳۰ | صفحه ۱ | ستون نماینده قبلی برای بازسازی وضعیت نزدیک پایان ۱۴۰۳ SRC_PARS_1404_005 | T19 | جلسه هیئت مدیره ۱۴۰۴/۰۷/۲۶ | صفحه ۱ | آخرین Snapshot تاییدشده پیش از Cutoff ۱۴۰۴ در آرشیو
A11: شتران | B11: تاییدشده | C11: بله | D11: قابل محاسبه | E11: بالا | F11: Batch 1 | G11: DIRECT_ROSTER_COMPARISON | H11: مقایسه مستقیم دو گزارش | I11: SRC_SHTR_1403_001 | گزارش فعالیت هیئت مدیره | دوره منتهی به ۱۴۰۳/۱۲/۳۰ | PDF صفحه ۱۶، چاپی ۱۴ | Roster مستقیم ۱۴۰۳ SRC_SHTR_1404_002 | گزارش فعالیت هیئت مدیره | دوره منتهی به ۱۴۰۴/۱۲/۲۹ | PDF صفحه ۱۷، چاپی ۱۵ | Roster مستقیم ۱۴۰۴
A12: وتجارت | B12: تاییدشده؛ تاریخ خروج Needs Review | C12: بله | D12: قابل اعمال نیست | E12: بالا | F12: Batch 2 | G12: DIRECT_ROSTER_COMPARISON_WITH_BOARD_SIZE_CHANGE | H12: v38: ساختار ۵ عضو حقیقی مستقیم؛ شریفیان خارج شد | I12: SRC_VTEJ_1404_004 | گزارش فعالیت هیئت مدیره مربوط به سال مالی ۱۴۰۳ | ۱۴۰۳ | صفحه ۳۷ | منبع جایگزین سالم که در v33 ثبت شده بود SRC_VTEJ_1404_001 | گزارش فعالیت هیئت مدیره مربوط به سال مالی ۱۴۰۴ | ۱۴۰۴ | صفحات ۴۴، ۴۶ و ۴۷ | ترکیب هیئت در تاریخ ۱۴۰۴/۱۲/۲۹
A13: رمپنا | B13: تاییدشده | C13: بله | D13: قابل محاسبه | E13: متوسط | F13: Batch 2 | G13: TYPE19_CHRONOLOGY | H13: Look Ahead حذف شد؛ مخرج Representative Change فقط یک کرسی ثابت است | I13: SRC_RMPN_1404_011 | افشای نوع ۱۹، جلسه هیئت مدیره ۱۴۰۴/۰۲/۲۱ | بازسازی ۱۴۰۳ | صفحه ۱ | ستون نماینده قبلی برای بازسازی Cutoff ۱۴۰۳ استفاده شد SRC_RMPN_1404_008 | افشای نوع ۱۹، جلسه هیئت مدیره ۱۴۰۴/۱۰/۲۸ | ۱۴۰۴ | صفحات ۱ و ۲ | آخرین افشای نوع ۱۹ موجود پیش از Cutoff ۱۴۰۴/۱۲/۲۹
A14: فخوز | B14: تاییدشده | C14: بله | D14: قابل محاسبه | E14: بالا | F14: Batch 2 | G14: MULTI_SOURCE_RECONCILIATION | H14: Cutoff کنترل شد | I14: SRC_FKHZ_1404_002 | گزارش فعالیت هیئت مدیره منتهی به ۱۴۰۳/۱۲/۳۰ | ۱۴۰۳ | صفحه ۳۴ | روستر کامل ۱۴۰۳ SRC_FKHZ_1404_004 | افشای نوع ۱۹، جلسه هیئت مدیره ۱۴۰۴/۰۵/۲۷ | ۱۴۰۴ | صفحه ۱ | آخرین افشای نوع ۱۹ پیش از Cutoff
... A33: شپدیس | B33: تاییدشده (v38) | C33: بله | D33: قابل محاسبه | E33: بالا | F33: خارج از مخرج | G33: TYPE19_CUTOFF_CHRONOLOGY_V38 | H33: v38: Snapshot ۱۴۰۳/۱۱/۲۹ یافت شد؛ Confirmed | I33: Iran_BSI_v33_Phase4_2K_FinalTurnoverClosure.xlsx | وضعیت ۳۰ شرکت | سند FY1403 برای تطبیق دو ساله در دسترس نبود

Sheet Turnover نهایی
A1: خانواده نهایی گردش هیئت مدیره و تغییر نماینده
A2: تجمیع v33 و شش Batch تاییدشده، بدون حدس و با حفظ Missingness
A3: شرکت | B3: گروه منبع | C3: کیفیت شواهد | D3: روش شواهد | E3: واجد شرایط Turnover | F3: ساختار نمایندگی حقوقی قابل اعمال | G3: صورت گردش فردی | H3: مخرج گردش فردی | I3: نرخ گردش فردی | J3: صورت تغییر نماینده | K3: مخرج تغییر نماینده | L3: نرخ تغییر نماینده | M3: صورت تغییر شخص حقوقی | N3: مخرج تغییر شخص حقوقی | O3: نرخ تغییر شخص حقوقی | P3: صورت عضو جدید | Q3: مخرج عضو جدید | R3: سهم اعضای جدید | S3: صورت ثبات | T3: مخرج ثبات | U3: نرخ ثبات | V3: تغییر رئیس | W3: یادداشت | X3: وضعیت نهایی | Y3: روش محاسبه | Z3: منبع مستقیم یا Source_ID | AA3: URL یا مسیر ردیابی
A4: فملی | B4: پایه v33 | C4: بالا | D4: DIRECT_ROSTER_COMPARISON | E4: بله | F4: بله | G4: 0 | H4: 5 | I4: =IF(AND(ISNUMBER(G4),ISNUMBER(H4),H4>0),G4/H4,"") -> 0 | J4: 0 | K4: 5 | L4: =IF(AND(ISNUMBER(J4),ISNUMBER(K4),K4>0),J4/K4,"") -> 0 | M4: 0 | N4: 5 | O4: =IF(AND(ISNUMBER(M4),ISNUMBER(N4),N4>0),M4/N4,"") -> 0 | P4: 0 | Q4: 5 | R4: =IF(AND(ISNUMBER(P4),ISNUMBER(Q4),Q4>0),P4/Q4,"") -> 0 | S4: 5 | T4: 5 | U4: =IF(AND(ISNUMBER(S4),ISNUMBER(T4),T4>0),S4/T4,"") -> 1 | V4: خیر | W4: تایید قبلی؛ بدون تغییر در همه کرسی های قابل مقایسه | X4: تاییدشده | Y4: گردش فردی = صورت ستون G تقسیم بر مخرج ستون H؛ تغییر نماینده = صورت J تقسیم بر مخرج K و فقط در کرسی با شخص حقوقی ثابت؛ تغییر شخص حقوقی = M تقسیم بر N؛ سهم عضو جدید = P تقسیم بر Q؛ ثبات = S تقسیم بر T. تغییر سمت به تنهایی Turnover نیست، vacancy خودکار تغییر نماینده نیست و Missing صفر نمی شود. | Z4: Iran_BSI_v33_Phase4_2K_FinalTurnoverClosure.xlsx | برگه های گردش اشخاص حقیقی، تغییر نماینده، تغییر شخص حقوقی، اعضای جدید، ثبات هیئت و تغییر رئیس | AA4: برای ردیابی پایه به فایل v33 و Source_IDهای همان فاز مراجعه شود
A5: تاپیکو | B5: پایه v33 | C5: بالا | D5: TYPE19_CUTOFF_CHRONOLOGY_V38 | E5: بله | F5: بله | G5: 3 | H5: 5 | I5: =IF(AND(ISNUMBER(G5),ISNUMBER(H5),H5>0),G5/H5,"") -> 0.6 | J5: 3 | K5: 5 | L5: =IF(AND(ISNUMBER(J5),ISNUMBER(K5),K5>0),J5/K5,"") -> 0.6 | M5: 0 | N5: 5 | O5: =IF(AND(ISNUMBER(M5),ISNUMBER(N5),N5>0),M5/N5,"") -> 0 | P5: 3 | Q5: 5 | R5: =IF(AND(ISNUMBER(P5),ISNUMBER(Q5),Q5>0),P5/Q5,"") -> 0.6 | S5: 2 | T5: 5 | U5: =IF(AND(ISNUMBER(S5),ISNUMBER(T5),T5>0),S5/T5,"") -> 0.4 | V5: بله | W5: v38: جدول مبنای ۱۴۰۳/۱۲/۲۹ از اطلاعیه ۱۳۱۱۶۵۳ (۱۴۰۳/۱۲/۰۴) و ۱۲۹۴۹۹۵ (۱۴۰۳/۱۰/۲۳) و اطلاعیه ۱۳۳۳۹۷۲ (ستون «نماینده قبلی» ۱۴۰۴/۰۱/۲۳)؛ تاریخ‌های عضویت گزارش FY1404 (ربیعی ۱۴۰۳/۱۰/۲۳، رحمتی ۱۴۰۳/۱۲/۰۴) تایید می‌کنند. | جدول ۱۴۰۴/۱۲/۲۹ از اطلاعیه ۱۴۷۷۹۱۸ (جلسه ۱۴۰۴/۱۰/۱۸؛ اصلاحیه ثبت روزنامه رسمی)؛ اطلاعیه بعدی ۱۴۸۲۳۲۹ جلسه ۱۴۰۵/۰۳/۰۳ پس از Cutoff است. | سطح اطمینان Confirmed | X5: تاییدشده (v38) | Y5: گردش فردی = صورت ستون G تقسیم بر مخرج ستون H؛ تغییر نماینده = صورت J تقسیم بر مخرج K و فقط در کرسی با شخص حقوقی ثابت؛ تغییر شخص حقوقی = M تقسیم بر N؛ سهم عضو جدید = P تقسیم بر Q؛ ثبات = S تقسیم بر T. تغییر سمت به تنهایی Turnover نیست، vacancy خودکار تغییر نماینده نیست و Missing صفر نمی شود. | Z5: Iran_BSI_v33_Phase4_2K_FinalTurnoverClosure.xlsx | برگه های گردش اشخاص حقیقی، تغییر نماینده، تغییر شخص حقوقی، اعضای جدید، ثبات هیئت و تغییر رئیس | v38 TracingNo: 1311653 ؛ 1379918 ؛ 1408462 ؛ 1477918 | AA5: https://www.codal.ir/Reports/Decision.aspx?LetterSerial=QijK3OnJnjtoOOObOOOYV1GqeqyQ%3d%3d&rt=2&let=19&ct=0&ft=-1 ؛ https://www.codal.ir/Reports/Decision.aspx?LetterSerial=gXBd7BQ0zRHOwYIn4yd4zg%3d%3d&rt=2&let=19&ct=0&ft=-1 ؛ https://www.codal.ir/Reports/Decision.aspx?LetterSerial=9W5KqOFDkv3BoGKhfVCF0w%3d%3d&rt=2&let=19&ct=0&ft=-1 ؛ https://www.codal.ir/Reports/Decision.aspx?LetterSerial=Exef5qCkFaU4GYSKSR3wjg%3d%3d&rt=2&let=19&ct=0&ft=-1
A6: فارس | B6: پایه v33 | C6: بالا | D6: DIRECT_ROSTER_COMPARISON | E6: بله | F6: بله | G6: 3 | H6: 5 | I6: =IF(AND(ISNUMBER(G6),ISNUMBER(H6),H6>0),G6/H6,"") -> 0.6 | J6: 3 | K6: 5 | L6: =IF(AND(ISNUMBER(J6),ISNUMBER(K6),K6>0),J6/K6,"") -> 0.6 | M6: 0 | N6: 5 | O6: =IF(AND(ISNUMBER(M6),ISNUMBER(N6),N6>0),M6/N6,"") -> 0 | P6: 3 | Q6: 5 | R6: =IF(AND(ISNUMBER(P6),ISNUMBER(Q6),Q6>0),P6/Q6,"") -> 0.6 | S6: 2 | T6: 5 | U6: =IF(AND(ISNUMBER(S6),ISNUMBER(T6),T6>0),S6/T6,"") -> 0.4 | V6: بله | W6: نمونه مهم تغییر نماینده با شخص حقوقی ثابت | v36: مخرج ۵ طبق SRC_FARS_1404_010 ص۴۲ (نرخ ۶۰٪) | X6: تاییدشده با اصلاح مخرج REF08 | Y6: گردش فردی = صورت ستون G تقسیم بر مخرج ستون H؛ تغییر نماینده = صورت J تقسیم بر مخرج K و فقط در کرسی با شخص حقوقی ثابت؛ تغییر شخص حقوقی = M تقسیم بر N؛ سهم عضو جدید = P تقسیم بر Q؛ ثبات = S تقسیم بر T. تغییر سمت به تنهایی Turnover نیست، vacancy خودکار تغییر نماینده نیست و Missing صفر نمی شود. | Z6: Iran_BSI_v33_Phase4_2K_FinalTurnoverClosure.xlsx | برگه های گردش اشخاص حقیقی، تغییر نماینده، تغییر شخص حقوقی، اعضای جدید، ثبات هیئت و تغییر رئیس | تایید تکمیلی در Iran_BSI_v31_Phase4_2I_MaximumMeasureRecovery.xlsx، شواهد خام | AA6: برای ردیابی پایه به فایل v33 و Source_IDهای همان فاز مراجعه شود
A7: خودرو | B7: پایه v33 | C7: بالا | D7: TYPE19_CUTOFF_CHRONOLOGY_V38 | E7: بله | F7: بله | G7: 1 | H7: 5 | I7: =IF(AND(ISNUMBER(G7),ISNUMBER(H7),H7>0),G7/H7,"") -> 0.2 | J7: 1 | K7: 5 | L7: =IF(AND(ISNUMBER(J7),ISNUMBER(K7),K7>0),J7/K7,"") -> 0.2 | M7: 0 | N7: 5 | O7: =IF(AND(ISNUMBER(M7),ISNUMBER(N7),N7>0),M7/N7,"") -> 0 | P7: 1 | Q7: 5 | R7: =IF(AND(ISNUMBER(P7),ISNUMBER(Q7),Q7>0),P7/Q7,"") -> 0.2 | S7: 4 | T7: 5 | U7: =IF(AND(ISNUMBER(S7),ISNUMBER(T7),T7>0),S7/T7,"") -> 0.8 | V7: خیر | W7: v38: Cutoff ۱۴۰۳/۱۲/۲۹ از اطلاعیه ۱۳۰۶۷۴۰ (۱۴۰۳/۱۱/۲۱) و اصلاحیه ۱۳۰۸۷۴۴ پس از مجمع ۱۴۰۳/۱۱/۱۷ (تعویض کامل اشخاص حقوقی)؛ گزارش FY1404 ص۵۳ تاریخ‌های عضویت را تایید می‌کند. | Cutoff ۱۴۰۴/۱۲/۲۹ از اطلاعیه ۱۴۱۷۸۵۰ (جلسه ۱۴۰۴/۰۷/۱۹) و گزارش FY1404 ص۵۳؛ تغییرات بعدی (۱۴۰۵/۰۲/۰۱ به بعد) پس از Cutoff است. | سطح اطمینان Confirmed | X7: تاییدشده (v38) | Y7: گردش فردی = صورت ستون G تقسیم بر مخرج ستون H؛ تغییر نماینده = صورت J تقسیم بر مخرج K و فقط در کرسی با شخص حقوقی ثابت؛ تغییر شخص حقوقی = M تقسیم بر N؛ سهم عضو جدید = P تقسیم بر Q؛ ثبات = S تقسیم بر T. تغییر سمت به تنهایی Turnover نیست، vacancy خودکار تغییر نماینده نیست و Missing صفر نمی شود. | Z7: Iran_BSI_v33_Phase4_2K_FinalTurnoverClosure.xlsx | روش MEMBERSHIP_START_RECONSTRUCTION و برگه های خانواده Turnover | v38 TracingNo: 1306740 ؛ 1417850 | AA7: https://www.codal.ir/Reports/Decision.aspx?LetterSerial=gVTCoHYs1M0v5mNrsaCDkA%3d%3d&rt=0&let=19&ct=0&ft=-1 ؛ https://www.codal.ir/Reports/Decision.aspx?LetterSerial=8qXiOOObOOOscQQQaQQQfIOkx3DWj8Uw1Q%3d%3d&rt=0&let=19&ct=0&ft=-1
A8: زاگرس | B8: پایه v33 | C8: بالا | D8: DIRECT_ROSTER_COMPARISON | E8: بله | F8: بله | G8: 2 | H8: 3 | I8: =IF(AND(ISNUMBER(G8),ISNUMBER(H8),H8>0),G8/H8,"") -> 0.66666667 | J8: 2 | K8: 3 | L8: =IF(AND(ISNUMBER(J8),ISNUMBER(K8),K8>0),J8/K8,"") -> 0.66666667 | M8: 0 | N8: 3 | O8: =IF(AND(ISNUMBER(M8),ISNUMBER(N8),N8>0),M8/N8,"") -> 0 | P8: 2 | Q8: 4 | R8: =IF(AND(ISNUMBER(P8),ISNUMBER(Q8),Q8>0),P8/Q8,"") -> 0.5 | S8: 1 | T8: 3 | U8: =IF(AND(ISNUMBER(S8),ISNUMBER(T8),T8>0),S8/T8,"") -> 0.33333333 | V8: بله | W8: دو تغییر نماینده در سه کرسی تاییدشده | X8: تاییدشده | Y8: گردش فردی = صورت ستون G تقسیم بر مخرج ستون H؛ تغییر نماینده = صورت J تقسیم بر مخرج K و فقط در کرسی با شخص حقوقی ثابت؛ تغییر شخص حقوقی = M تقسیم بر N؛ سهم عضو جدید = P تقسیم بر Q؛ ثبات = S تقسیم بر T. تغییر سمت به تنهایی Turnover نیست، vacancy خودکار تغییر نماینده نیست و Missing صفر نمی شود. | Z8: SRC_ZGRS_1404_002 (p.26, FY1403) و SRC_ZGRS_1404_001 (p.26, FY1404) | بازخوانی کامل این فاز؛ بدون دانلود جدید Iran_BSI_v33_Phase4_2K_FinalTurnoverClosure.xlsx | تطبیق کرسی ها و شواهد خام | SRC_ZGRS_1404_002 و SRC_ZGRS_1404_001، صفحه ۲۶ | AA8: برای ردیابی پایه به فایل v33 و Source_IDهای همان فاز مراجعه شود
A9: شبندر | B9: Batch 1 | C9: متوسط | D9: MULTI_SOURCE_ROSTER_COMPARISON | E9: بله | F9: بله | G9: 2 | H9: 5 | I9: =IF(AND(ISNUMBER(G9),ISNUMBER(H9),H9>0),G9/H9,"") -> 0.4 | J9: 0 | K9: 3 | L9: =IF(AND(ISNUMBER(J9),ISNUMBER(K9),K9>0),J9/K9,"") -> 0 | M9: 2 | N9: 5 | O9: =IF(AND(ISNUMBER(M9),ISNUMBER(N9),N9>0),M9/N9,"") -> 0.4 | P9: 2 | Q9: 5 | R9: =IF(AND(ISNUMBER(P9),ISNUMBER(Q9),Q9>0),P9/Q9,"") -> 0.4 | S9: 3 | T9: 5 | U9: =IF(AND(ISNUMBER(S9),ISNUMBER(T9),T9>0),S9/T9,"") -> 0.6 | V9: بله | W9: رمزگذاری عربی سند با جستجوی دو الفبا حل شد | X9: تاییدشده | Y9: گردش فردی = صورت ستون G تقسیم بر مخرج ستون H؛ تغییر نماینده = صورت J تقسیم بر مخرج K و فقط در کرسی با شخص حقوقی ثابت؛ تغییر شخص حقوقی = M تقسیم بر N؛ سهم عضو جدید = P تقسیم بر Q؛ ثبات = S تقسیم بر T. تغییر سمت به تنهایی Turnover نیست، vacancy خودکار تغییر نماینده نیست و Missing صفر نمی شود. | Z9: SRC_SHBN_1404_007 | T19 اصلاحیه | جلسه هیئت مدیره ۱۴۰۳/۱۲/۲۷ | صفحه ۱ | Roster مستقیم ۱۴۰۳ SRC_SHBN_1404_003 | T19 | جلسه هیئت مدیره ۱۴۰۴/۱۰/۱۸ | صفحه ۱ | Roster مستقیم ۱۴۰۴ SRC_SHBN_1404_001 (p.55-56 کمیته حسابرسی، p.82-84 روستر هیئت‌مدیره) | بازخوانی جزئی این فاز با الگوی جستجوی عربی؛ بدون دانلود جدید | AA9: https://www.codal.ir/Reports/Decision.aspx?LetterSerial=ULk65ZOHpAkFOOObOOOb3pLpblJQ%3d%3d&rt=0&let=19&ct=0&ft=-1 https://www.codal.ir/Reports/Decision.aspx?LetterSerial=kealwqnfPYdWwbR3UB9uZw%3d%3d&rt=0&let=19&ct=0&ft=-1
A10: پارس | B10: Batch 1 | C10: متوسط | D10: TYPE19_CHRONOLOGY | E10: بله | F10: بله | G10: 3 | H10: 5 | I10: =IF(AND(ISNUMBER(G10),ISNUMBER(H10),H10>0),G10/H10,"") -> 0.6 | J10: 3 | K10: 5 | L10: =IF(AND(ISNUMBER(J10),ISNUMBER(K10),K10>0),J10/K10,"") -> 0.6 | M10: 0 | N10: 5 | O10: =IF(AND(ISNUMBER(M10),ISNUMBER(N10),N10>0),M10/N10,"") -> 0 | P10: 3 | Q10: 5 | R10: =IF(AND(ISNUMBER(P10),ISNUMBER(Q10),Q10>0),P10/Q10,"") -> 0.6 | S10: 2 | T10: 5 | U10: =IF(AND(ISNUMBER(S10),ISNUMBER(T10),T10>0),S10/T10,"") -> 0.4 | V10: بله | W10: FY1403 از ستون نماینده قبلی افشای نوع ۱۹ بازسازی شد | X10: تاییدشده | Y10: گردش فردی = صورت ستون G تقسیم بر مخرج ستون H؛ تغییر نماینده = صورت J تقسیم بر مخرج K و فقط در کرسی با شخص حقوقی ثابت؛ تغییر شخص حقوقی = M تقسیم بر N؛ سهم عضو جدید = P تقسیم بر Q؛ ثبات = S تقسیم بر T. تغییر سمت به تنهایی Turnover نیست، vacancy خودکار تغییر نماینده نیست و Missing صفر نمی شود. | Z10: SRC_PARS_1404_008 | T19 | جلسه هیئت مدیره ۱۴۰۴/۰۱/۳۰ | صفحه ۱ | ستون نماینده قبلی برای بازسازی وضعیت نزدیک پایان ۱۴۰۳ SRC_PARS_1404_005 | T19 | جلسه هیئت مدیره ۱۴۰۴/۰۷/۲۶ | صفحه ۱ | آخرین Snapshot تاییدشده پیش از Cutoff ۱۴۰۴ در آرشیو | AA10: https://www.codal.ir/Reports/Decision.aspx?LetterSerial=sjHofZygVLXICVj8iXL3Aw%3d%3d&rt=0&let=19&ct=0&ft=-1 https://www.codal.ir/Reports/Decision.aspx?LetterSerial=1kqm2T6e5zV5EQQQaQQQKdlIj9HA%3d%3d&rt=0&let=19&ct=0&ft=-1
A11: شتران | B11: Batch 1 | C11: بالا | D11: DIRECT_ROSTER_COMPARISON | E11: بله | F11: بله | G11: 1 | H11: 5 | I11: =IF(AND(ISNUMBER(G11),ISNUMBER(H11),H11>0),G11/H11,"") -> 0.2 | J11: 1 | K11: 5 | L11: =IF(AND(ISNUMBER(J11),ISNUMBER(K11),K11>0),J11/K11,"") -> 0.2 | M11: 0 | N11: 5 | O11: =IF(AND(ISNUMBER(M11),ISNUMBER(N11),N11>0),M11/N11,"") -> 0 | P11: 1 | Q11: 5 | R11: =IF(AND(ISNUMBER(P11),ISNUMBER(Q11),Q11>0),P11/Q11,"") -> 0.2 | S11: 4 | T11: 5 | U11: =IF(AND(ISNUMBER(S11),ISNUMBER(T11),T11>0),S11/T11,"") -> 0.8 | V11: خیر | W11: مقایسه مستقیم دو گزارش | X11: تاییدشده | Y11: گردش فردی = صورت ستون G تقسیم بر مخرج ستون H؛ تغییر نماینده = صورت J تقسیم بر مخرج K و فقط در کرسی با شخص حقوقی ثابت؛ تغییر شخص حقوقی = M تقسیم بر N؛ سهم عضو جدید = P تقسیم بر Q؛ ثبات = S تقسیم بر T. تغییر سمت به تنهایی Turnover نیست، vacancy خودکار تغییر نماینده نیست و Missing صفر نمی شود. | Z11: SRC_SHTR_1403_001 | گزارش فعالیت هیئت مدیره | دوره منتهی به ۱۴۰۳/۱۲/۳۰ | PDF صفحه ۱۶، چاپی ۱۴ | Roster مستقیم ۱۴۰۳ SRC_SHTR_1404_002 | گزارش فعالیت هیئت مدیره | دوره منتهی به ۱۴۰۴/۱۲/۲۹ | PDF صفحه ۱۷، چاپی ۱۵ | Roster مستقیم ۱۴۰۴ | AA11: https://www.codal.ir/Reports/Attachment.aspx?LetterSerial=W3P2HVjIaDXFbdMemqSeUA%3d%3d https://www.codal.ir/Reports/Attachment.aspx?LetterSerial=F0veQQQaQQQX4tai7nAftHYyrDhg%3d%3d
A12: وتجارت | B12: Batch 2 | C12: بالا | D12: DIRECT_ROSTER_COMPARISON_WITH_BOARD_SIZE_CHANGE (v38 بازبینی: خروج بدون جایگزین) | E12: بله | F12: خیر | G12: 1 | H12: 5 | I12: =IF(AND(ISNUMBER(G12),ISNUMBER(H12),H12>0),G12/H12,"") -> 0.2 | L12: =IF(AND(ISNUMBER(J12),ISNUMBER(K12),K12>0),J12/K12,"") | O12: =IF(AND(ISNUMBER(M12),ISNUMBER(N12),N12>0),M12/N12,"") | P12: 0 | Q12: 4 | R12: =IF(AND(ISNUMBER(P12),ISNUMBER(Q12),Q12>0),P12/Q12,"") -> 0 | S12: 4 | T12: 5 | U12: =IF(AND(ISNUMBER(S12),ISNUMBER(T12),T12>0),S12/T12,"") -> 0.8 | V12: خیر | W12: v38: Cutoff ۱۴۰۳/۱۲/۲۹: ۵ عضو حقیقی مستقیم (اطلاعیه ۱۱۵۹۹۳۶؛ AGM FY1403 اطلاعیه ۱۳۸۵۲۵۳: «آخرین اعضا در سال مالی»). | Cutoff ۱۴۰۴/۱۲/۲۹: ۴ عضو (اطلاعیه اصلاحی ۱۴۴۴۱۵۴ و جدول جلسات گزارش FY1404 ۱۵۷۳۰۳۲). | سطح اطمینان Needs Review | X12: ساختار تایید؛ مقدار حفظ؛ تاریخ خروج Needs Review (v38) | Y12: گردش فردی = صورت ستون G تقسیم بر مخرج ستون H؛ تغییر نماینده = صورت J تقسیم بر مخرج K و فقط در کرسی با شخص حقوقی ثابت؛ تغییر شخص حقوقی = M تقسیم بر N؛ سهم عضو جدید = P تقسیم بر Q؛ ثبات = S تقسیم بر T. تغییر سمت به تنهایی Turnover نیست، vacancy خودکار تغییر نماینده نیست و Missing صفر نمی شود. | Z12: SRC_VTEJ_1404_004 | گزارش فعالیت هیئت مدیره مربوط به سال مالی ۱۴۰۳ | ۱۴۰۳ | صفحه ۳۷ | منبع جایگزین سالم که در v33 ثبت شده بود SRC_VTEJ_1404_001 | گزارش فعالیت هیئت مدیره مربوط به سال مالی ۱۴۰۴ | ۱۴۰۴ | صفحات ۴۴، ۴۶ و ۴۷ | ترکیب هیئت در تاریخ ۱۴۰۴/۱۲/۲۹ | v38 TracingNo: 1159936 ؛ 1444154 | AA12: https://www.codal.ir/Reports/Decision.aspx?LetterSerial=OqEx%2bg3X3xQQQaQQQ1V8FTa1bU9w%3d%3d&rt=3&let=19&ct=0&ft=-1 ؛ https://www.codal.ir/Reports/Decision.aspx?LetterSerial=tL1npzfj3XSDR4oEqs1VIw%3d%3d&rt=3&let=19&ct=0&ft=-1
A13: رمپنا | B13: Batch 2 | C13: متوسط | D13: TYPE19_CHRONOLOGY | E13: بله | F13: بله | G13: 2 | H13: 5 | I13: =IF(AND(ISNUMBER(G13),ISNUMBER(H13),H13>0),G13/H13,"") -> 0.4 | J13: 1 | K13: 1 | L13: =IF(AND(ISNUMBER(J13),ISNUMBER(K13),K13>0),J13/K13,"") -> 1 | M13: 4 | N13: 5 | O13: =IF(AND(ISNUMBER(M13),ISNUMBER(N13),N13>0),M13/N13,"") -> 0.8 | P13: 2 | Q13: 5 | R13: =IF(AND(ISNUMBER(P13),ISNUMBER(Q13),Q13>0),P13/Q13,"") -> 0.4 | S13: 3 | T13: 5 | U13: =IF(AND(ISNUMBER(S13),ISNUMBER(T13),T13>0),S13/T13,"") -> 0.6 | V13: نامشخص | W13: Look Ahead حذف شد؛ مخرج Representative Change فقط یک کرسی ثابت است | X13: تاییدشده | Y13: گردش فردی = صورت ستون G تقسیم بر مخرج ستون H؛ تغییر نماینده = صورت J تقسیم بر مخرج K و فقط در کرسی با شخص حقوقی ثابت؛ تغییر شخص حقوقی = M تقسیم بر N؛ سهم عضو جدید = P تقسیم بر Q؛ ثبات = S تقسیم بر T. تغییر سمت به تنهایی Turnover نیست، vacancy خودکار تغییر نماینده نیست و Missing صفر نمی شود. | Z13: SRC_RMPN_1404_011 | افشای نوع ۱۹، جلسه هیئت مدیره ۱۴۰۴/۰۲/۲۱ | بازسازی ۱۴۰۳ | صفحه ۱ | ستون نماینده قبلی برای بازسازی Cutoff ۱۴۰۳ استفاده شد SRC_RMPN_1404_008 | افشای نوع ۱۹، جلسه هیئت مدیره ۱۴۰۴/۱۰/۲۸ | ۱۴۰۴ | صفحات ۱ و ۲ | آخرین افشای نوع ۱۹ موجود پیش از Cutoff ۱۴۰۴/۱۲/۲۹ | AA13: https://www.codal.ir/Reports/Decision.aspx?LetterSerial=gsard4xmaj4Zi8yOS8AWMA%3d%3d&rt=5&let=19&ct=0&ft=-1 https://www.codal.ir/Reports/Decision.aspx?LetterSerial=4P4QQQaQQQssbMX9ZMuZVciqBKOOObOOOg%3d%3d&rt=5&let=19&ct=0&ft=-1
A14: فخوز | B14: Batch 2 | C14: بالا | D14: MULTI_SOURCE_RECONCILIATION | E14: بله | F14: بله | G14: 4 | H14: 5 | I14: =IF(AND(ISNUMBER(G14),ISNUMBER(H14),H14>0),G14/H14,"") -> 0.8 | J14: 3 | K14: 4 | L14: =IF(AND(ISNUMBER(J14),ISNUMBER(K14),K14>0),J14/K14,"") -> 0.75 | M14: 1 | N14: 5 | O14: =IF(AND(ISNUMBER(M14),ISNUMBER(N14),N14>0),M14/N14,"") -> 0.2 | P14: 4 | Q14: 5 | R14: =IF(AND(ISNUMBER(P14),ISNUMBER(Q14),Q14>0),P14/Q14,"") -> 0.8 | S14: 1 | T14: 5 | U14: =IF(AND(ISNUMBER(S14),ISNUMBER(T14),T14>0),S14/T14,"") -> 0.2 | V14: بله | W14: Cutoff کنترل شد | X14: تاییدشده | Y14: گردش فردی = صورت ستون G تقسیم بر مخرج ستون H؛ تغییر نماینده = صورت J تقسیم بر مخرج K و فقط در کرسی با شخص حقوقی ثابت؛ تغییر شخص حقوقی = M تقسیم بر N؛ سهم عضو جدید = P تقسیم بر Q؛ ثبات = S تقسیم بر T. تغییر سمت به تنهایی Turnover نیست، vacancy خودکار تغییر نماینده نیست و Missing صفر نمی شود. | Z14: SRC_FKHZ_1404_002 | گزارش فعالیت هیئت مدیره منتهی به ۱۴۰۳/۱۲/۳۰ | ۱۴۰۳ | صفحه ۳۴ | روستر کامل ۱۴۰۳ SRC_FKHZ_1404_004 | افشای نوع ۱۹، جلسه هیئت مدیره ۱۴۰۴/۰۵/۲۷ | ۱۴۰۴ | صفحه ۱ | آخرین افشای نوع ۱۹ پیش از Cutoff | AA14: برای ردیابی پایه به فایل v33 و Source_IDهای همان فاز مراجعه شود
A15: شستا | B15: Batch 3 | C15: بالا | D15: DIRECT_TYPE19_COMPARISON | E15: بله | F15: بله | G15: 3 | H15: 5 | I15: =IF(AND(ISNUMBER(G15),ISNUMBER(H15),H15>0),G15/H15,"") -> 0.6 | J15: 3 | K15: 5 | L15: =IF(AND(ISNUMBER(J15),ISNUMBER(K15),K15>0),J15/K15,"") -> 0.6 | M15: 0 | N15: 5 | O15: =IF(AND(ISNUMBER(M15),ISNUMBER(N15),N15>0),M15/N15,"") -> 0 | P15: 3 | Q15: 5 | R15: =IF(AND(ISNUMBER(P15),ISNUMBER(Q15),Q15>0),P15/Q15,"") -> 0.6 | S15: 2 | T15: 5 | U15: =IF(AND(ISNUMBER(S15),ISNUMBER(T15),T15>0),S15/T15,"") -> 0.4 | V15: بله | W15: Snapshotهای پیش از Cutoff | X15: تاییدشده | Y15: گردش فردی = صورت ستون G تقسیم بر مخرج ستون H؛ تغییر نماینده = صورت J تقسیم بر مخرج K و فقط در کرسی با شخص حقوقی ثابت؛ تغییر شخص حقوقی = M تقسیم بر N؛ سهم عضو جدید = P تقسیم بر Q؛ ثبات = S تقسیم بر T. تغییر سمت به تنهایی Turnover نیست، vacancy خودکار تغییر نماینده نیست و Missing صفر نمی شود. | Z15: SRC_SHST_1404_015 | افشای نوع ۱۹ | ۱۴۰۳ | ۱ | Snapshot مبنا برای ۱۴۰۳ SRC_SHST_1404_007 | افشای نوع ۱۹ | ۱۴۰۴ | ۱ | Snapshot مبنا برای ۱۴۰۴ | AA15: https://www.codal.ir/Reports/Decision.aspx?LetterSerial=b8oxHadTuSstqVNc5Bqzjw%3d%3d&rt=2&let=19&ct=0&ft=-1 https://www.codal.ir/Reports/Decision.aspx?LetterSerial=pk2gUF4FVfw9cOOObOOOOR6kSTDg%3d%3d&rt=2&let=19&ct=0&ft=-1
A16: شپنا | B16: Batch 3 | C16: بالا | D16: DIRECT_TYPE19_COMPARISON | E16: بله | F16: بله | G16: 1 | H16: 5 | I16: =IF(AND(ISNUMBER(G16),ISNUMBER(H16),H16>0),G16/H16,"") -> 0.2 | J16: 1 | K16: 5 | L16: =IF(AND(ISNUMBER(J16),ISNUMBER(K16),K16>0),J16/K16,"") -> 0.2 | M16: 0 | N16: 5 | O16: =IF(AND(ISNUMBER(M16),ISNUMBER(N16),N16>0),M16/N16,"") -> 0 | P16: 1 | Q16: 5 | R16: =IF(AND(ISNUMBER(P16),ISNUMBER(Q16),Q16>0),P16/Q16,"") -> 0.2 | S16: 4 | T16: 5 | U16: =IF(AND(ISNUMBER(S16),ISNUMBER(T16),T16>0),S16/T16,"") -> 0.8 | V16: خیر | W16: مقایسه مستقیم افشای نوع ۱۹ | X16: تاییدشده | Y16: گردش فردی = صورت ستون G تقسیم بر مخرج ستون H؛ تغییر نماینده = صورت J تقسیم بر مخرج K و فقط در کرسی با شخص حقوقی ثابت؛ تغییر شخص حقوقی = M تقسیم بر N؛ سهم عضو جدید = P تقسیم بر Q؛ ثبات = S تقسیم بر T. تغییر سمت به تنهایی Turnover نیست، vacancy خودکار تغییر نماینده نیست و Missing صفر نمی شود. | Z16: SRC_SHPN_1404_002 | افشای نوع ۱۹ | ۱۴۰۳ | ۱ | Snapshot مبنا برای ۱۴۰۳ SRC_SHPN_1404_004 | افشای نوع ۱۹ | ۱۴۰۴ | ۱ تا ۲ | Snapshot مبنا برای ۱۴۰۴ | AA16: https://www.codal.ir/Reports/Decision.aspx?LetterSerial=BgB1TPEYicGYh74gmrG9mA%3d%3d&rt=0&let=19&ct=0&ft=-1 https://www.codal.ir/Reports/Decision.aspx?LetterSerial=zWRtzdFgEWKY0H4XNrzRzA%3d%3d&rt=0&let=19&ct=0&ft=-1
A17: وغدیر | B17: Batch 3 | C17: بالا | D17: DIRECT_TYPE19_COMPARISON | E17: بله | F17: بله | G17: 2 | H17: 5 | I17: =IF(AND(ISNUMBER(G17),ISNUMBER(H17),H17>0),G17/H17,"") -> 0.4 | J17: 2 | K17: 5 | L17: =IF(AND(ISNUMBER(J17),ISNUMBER(K17),K17>0),J17/K17,"") -> 0.4 | M17: 0 | N17: 5 | O17: =IF(AND(ISNUMBER(M17),ISNUMBER(N17),N17>0),M17/N17,"") -> 0 | P17: 2 | Q17: 5 | R17: =IF(AND(ISNUMBER(P17),ISNUMBER(Q17),Q17>0),P17/Q17,"") -> 0.4 | S17: 3 | T17: 5 | U17: =IF(AND(ISNUMBER(S17),ISNUMBER(T17),T17>0),S17/T17,"") -> 0.6 | V17: خیر | W17: مقایسه مستقیم افشای نوع ۱۹ | X17: تاییدشده | Y17: گردش فردی = صورت ستون G تقسیم بر مخرج ستون H؛ تغییر نماینده = صورت J تقسیم بر مخرج K و فقط در کرسی با شخص حقوقی ثابت؛ تغییر شخص حقوقی = M تقسیم بر N؛ سهم عضو جدید = P تقسیم بر Q؛ ثبات = S تقسیم بر T. تغییر سمت به تنهایی Turnover نیست، vacancy خودکار تغییر نماینده نیست و Missing صفر نمی شود. | Z17: SRC_VGHD_1404_002 | افشای نوع ۱۹ | ۱۴۰۳ | ۱ | Snapshot مبنا برای ۱۴۰۳ SRC_VGHD_1404_006 | افشای نوع ۱۹ | ۱۴۰۴ | ۱ | Snapshot مبنا برای ۱۴۰۴ | AA17: https://www.codal.ir/Reports/Decision.aspx?LetterSerial=b9uqvOIQIMvyGYAfsuoWUg%3d%3d&rt=2&let=19&ct=0&ft=-1 https://www.codal.ir/Reports/Decision.aspx?LetterSerial=ytYjZCpQQQaQQQ34BFQkm8DLxX9A%3d%3d&rt=2&let=19&ct=0&ft=-1
A18: نوری | B18: Batch 3 | C18: متوسط رو به بالا | D18: ANNUAL_REPORT_PLUS_TYPE19 | E18: بله | F18: بله | G18: 4 | H18: 5 | I18: =IF(AND(ISNUMBER(G18),ISNUMBER(H18),H18>0),G18/H18,"") -> 0.8 | J18: 1 | K18: 1 | L18: =IF(AND(ISNUMBER(J18),ISNUMBER(K18),K18>0),J18/K18,"") -> 1 | M18: 4 | N18: 5 | O18: =IF(AND(ISNUMBER(M18),ISNUMBER(N18),N18>0),M18/N18,"") -> 0.8 | P18: 4 | Q18: 5 | R18: =IF(AND(ISNUMBER(P18),ISNUMBER(Q18),Q18>0),P18/Q18,"") -> 0.8 | S18: 1 | T18: 5 | U18: =IF(AND(ISNUMBER(S18),ISNUMBER(T18),T18>0),S18/T18,"") -> 0.2 | V18: بله | W18: تنها یک شخص حقوقی ثابت بود و نماینده همان کرسی تغییر کرد | X18: تاییدشده | Y18: گردش فردی = صورت ستون G تقسیم بر مخرج ستون H؛ تغییر نماینده = صورت J تقسیم بر مخرج K و فقط در کرسی با شخص حقوقی ثابت؛ تغییر شخص حقوقی = M تقسیم بر N؛ سهم عضو جدید = P تقسیم بر Q؛ ثبات = S تقسیم بر T. تغییر سمت به تنهایی Turnover نیست، vacancy خودکار تغییر نماینده نیست و Missing صفر نمی شود. | Z18: SRC_NOURI_1403_001 | گزارش فعالیت هیئت مدیره | ۱۴۰۳ | ۳۹ | Snapshot مبنا برای ۱۴۰۳ SRC_NOOR_1404_007 + SRC_NOOR_1404_005 | گزارش فعالیت هیئت مدیره و Cross Check افشای نوع ۱۹ | ۱۴۰۴ | ۴۱ و افشای نوع ۱۹ صفحه ۱ | Snapshot مبنا برای ۱۴۰۴ | AA18: https://www.codal.ir/Reports/Attachment.aspx?LetterSerial=qQQQaQQQXL8Mm5NCUb8eyBSic7hA%3d%3d https://www.codal.ir/Reports/Attachment.aspx?LetterSerial=lWuukNFzDitnWL7VD4weCA%3d%3d
A19: فولاد | B19: Batch 4 | C19: بالا | D19: DIRECT_ANNUAL_REPORT_COMPARISON | E19: بله | F19: بله | G19: 2 | H19: 5 | I19: =IF(AND(ISNUMBER(G19),ISNUMBER(H19),H19>0),G19/H19,"") -> 0.4 | J19: 1 | K19: 4 | L19: =IF(AND(ISNUMBER(J19),ISNUMBER(K19),K19>0),J19/K19,"") -> 0.25 | M19: 1 | N19: 5 | O19: =IF(AND(ISNUMBER(M19),ISNUMBER(N19),N19>0),M19/N19,"") -> 0.2 | P19: 2 | Q19: 5 | R19: =IF(AND(ISNUMBER(P19),ISNUMBER(Q19),Q19>0),P19/Q19,"") -> 0.4 | S19: 3 | T19: 5 | U19: =IF(AND(ISNUMBER(S19),ISNUMBER(T19),T19>0),S19/T19,"") -> 0.6 | V19: بله | W19: یک تغییر شخص حقوقی و یک تغییر نماینده مستقل | X19: تاییدشده | Y19: گردش فردی = صورت ستون G تقسیم بر مخرج ستون H؛ تغییر نماینده = صورت J تقسیم بر مخرج K و فقط در کرسی با شخص حقوقی ثابت؛ تغییر شخص حقوقی = M تقسیم بر N؛ سهم عضو جدید = P تقسیم بر Q؛ ثبات = S تقسیم بر T. تغییر سمت به تنهایی Turnover نیست، vacancy خودکار تغییر نماینده نیست و Missing صفر نمی شود. | Z19: SRC_FOLD_1403_001 | گزارش فعالیت هیئت مدیره | ۱۴۰۳ | ۴ | Snapshot مبنا برای ۱۴۰۳ SRC_FOLD_1404_002 | گزارش فعالیت هیئت مدیره | ۱۴۰۴ | ۵ و ۳۱ | Snapshot مبنا برای ۱۴۰۴ و تاریخ انتصاب اعضا | AA19: https://www.codal.ir/Reports/Attachment.aspx?LetterSerial=lIOOObOOOFuv6MQlLw20bmBKF3Cw%3d%3d https://www.codal.ir/Reports/Attachment.aspx?LetterSerial=DjTPnm9Pa79X4Gv1Zp8FQQQaQQQQ%3d%3d
A20: کچاد | B20: Batch 4 | C20: بالا | D20: TYPE19_CUTOFF_CHRONOLOGY_V38 | E20: بله | F20: بله | G20: 2 | H20: 4 | I20: =IF(AND(ISNUMBER(G20),ISNUMBER(H20),H20>0),G20/H20,"") -> 0.5 | J20: 2 | K20: 4 | L20: =IF(AND(ISNUMBER(J20),ISNUMBER(K20),K20>0),J20/K20,"") -> 0.5 | M20: 0 | N20: 5 | O20: =IF(AND(ISNUMBER(M20),ISNUMBER(N20),N20>0),M20/N20,"") -> 0 | P20: 3 | Q20: 5 | R20: =IF(AND(ISNUMBER(P20),ISNUMBER(Q20),Q20>0),P20/Q20,"") -> 0.6 | S20: 2 | T20: 4 | U20: =IF(AND(ISNUMBER(S20),ISNUMBER(T20),T20>0),S20/T20,"") -> 0.5 | V20: بله | W20: v38: Cutoff ۱۴۰۳/۱۲/۲۹ از اطلاعیه ۱۲۸۷۷۴۶ (جلسه ۱۴۰۳/۰۹/۲۶) و اصلاحیه‌های ۱۲۷۴۸۱۰/۱۲۷۵۲۳۴ (۱۴۰۳/۰۹/۰۴)؛ تا ۱۴۰۴/۰۲/۲۴ اطلاعیه‌ای نیست. گزارش سالانه FY1403 (۱۳۶۸۷۸۵؛ امضا ۱۴۰۴/۰۴/۱۶) جدول پس از Cutoff را نشان می‌دهد و مبنا نشد (Look-Ahead v35). | Cutoff ۱۴۰۴/۱۲/۲۹ از اطلاعیه ۱۴۷۳۹۷۳ (جلسه ۱۴۰۴/۱۰/۲۹)؛ گزارش ۹ماهه ۱۵۲۵۶۳۰ (۱۴۰۵/۰۲/۲۶) امضا ۱۴۰۵/۰۲/۲۴ پس از Cutoff است. | سطح اطمینان Confirmed | X20: تاییدشده (v38) | Y20: گردش فردی = صورت ستون G تقسیم بر مخرج ستون H؛ تغییر نماینده = صورت J تقسیم بر مخرج K و فقط در کرسی با شخص حقوقی ثابت؛ تغییر شخص حقوقی = M تقسیم بر N؛ سهم عضو جدید = P تقسیم بر Q؛ ثبات = S تقسیم بر T. تغییر سمت به تنهایی Turnover نیست، vacancy خودکار تغییر نماینده نیست و Missing صفر نمی شود. | Z20: SRC_KCHD_1403_001 | گزارش فعالیت هیئت مدیره | ۱۴۰۳ | ۴ | Snapshot مبنا برای ۱۴۰۳ و ثبت صریح کرسی خالی SRC_KCHD_1404_006 | افشای نوع ۱۹ | ۱۴۰۴ | ۱ | Snapshot مبنا برای ۱۴۰۴ | v38 TracingNo: 1287746 ؛ 1343237 ؛ 1391765 ؛ 1473973 | AA20: https://www.codal.ir/Reports/Decision.aspx?LetterSerial=v9VDr2f0BIJNqKEnWy6Rug%3d%3d&rt=0&let=19&ct=0&ft=-1 ؛ https://www.codal.ir/Reports/Decision.aspx?LetterSerial=WtxLMfRQBjXMKexEV1XDIA%3d%3d&rt=0&let=19&ct=0&ft=-1 ؛ https://www.codal.ir/Reports/Decision.aspx?LetterSerial=IAYTKaAQbe89etLVXMBN9w%3d%3d&rt=0&let=19&ct=0&ft=-1 ؛ https://www.codal.ir/Reports/Decision.aspx?LetterSerial=XPg1kJyBIkadWnCXHnsdKg%3d%3d&rt=0&let=19&ct=0&ft=-1
A21: کگل | B21: Batch 4 | C21: بالا | D21: DIRECT_TYPE19_COMPARISON | E21: بله | F21: بله | G21: 1 | H21: 5 | I21: =IF(AND(ISNUMBER(G21),ISNUMBER(H21),H21>0),G21/H21,"") -> 0.2 | J21: 1 | K21: 5 | L21: =IF(AND(ISNUMBER(J21),ISNUMBER(K21),K21>0),J21/K21,"") -> 0.2 | M21: 0 | N21: 5 | O21: =IF(AND(ISNUMBER(M21),ISNUMBER(N21),N21>0),M21/N21,"") -> 0 | P21: 1 | Q21: 5 | R21: =IF(AND(ISNUMBER(P21),ISNUMBER(Q21),Q21>0),P21/Q21,"") -> 0.2 | S21: 4 | T21: 5 | U21: =IF(AND(ISNUMBER(S21),ISNUMBER(T21),T21>0),S21/T21,"") -> 0.8 | V21: بله | W21: Look Ahead گزارش سالانه حذف شد | X21: تاییدشده | Y21: گردش فردی = صورت ستون G تقسیم بر مخرج ستون H؛ تغییر نماینده = صورت J تقسیم بر مخرج K و فقط در کرسی با شخص حقوقی ثابت؛ تغییر شخص حقوقی = M تقسیم بر N؛ سهم عضو جدید = P تقسیم بر Q؛ ثبات = S تقسیم بر T. تغییر سمت به تنهایی Turnover نیست، vacancy خودکار تغییر نماینده نیست و Missing صفر نمی شود. | Z21: SRC_KGOL_1404_002 | افشای نوع ۱۹ | ۱۴۰۳ | ۱ | Snapshot مبنا برای پایان ۱۴۰۳ و جلوگیری از Look Ahead SRC_KGOL_1404_004 | افشای نوع ۱۹ | ۱۴۰۴ | ۱ | Snapshot مبنا برای ۱۴۰۴ | AA21: https://www.codal.ir/Reports/Decision.aspx?LetterSerial=V8TQGa6IRAmh3pwzvDL0KQ%3d%3d&rt=0&let=19&ct=0&ft=-1 https://www.codal.ir/Reports/Decision.aspx?LetterSerial=IYIOOObOOO6mh6t3bHqdV5BigMrg%3d%3d&rt=0&let=19&ct=0&ft=-1
A22: پارسان | B22: Batch 4 | C22: بالا | D22: TYPE19_CUTOFF_CHRONOLOGY_V38 | E22: بله | F22: بله | G22: 2 | H22: 5 | I22: =IF(AND(ISNUMBER(G22),ISNUMBER(H22),H22>0),G22/H22,"") -> 0.4 | J22: 2 | K22: 5 | L22: =IF(AND(ISNUMBER(J22),ISNUMBER(K22),K22>0),J22/K22,"") -> 0.4 | M22: 0 | N22: 5 | O22: =IF(AND(ISNUMBER(M22),ISNUMBER(N22),N22>0),M22/N22,"") -> 0 | P22: 2 | Q22: 5 | R22: =IF(AND(ISNUMBER(P22),ISNUMBER(Q22),Q22>0),P22/Q22,"") -> 0.4 | S22: 3 | T22: 5 | U22: =IF(AND(ISNUMBER(S22),ISNUMBER(T22),T22>0),S22/T22,"") -> 0.6 | V22: خیر | W22: v38: Cutoff ۱۴۰۳/۱۲/۲۹ از اطلاعیه ۱۲۸۸۲۷۵ (۱۴۰۳/۱۰/۰۵) و ۱۳۲۷۵۲۲ (۱۴۰۴/۰۱/۱۸، به‌روزرسانی تایید صلاحیت)؛ جدول ۵ کرسی حقوقی؛ عدد ۷ در v35 تعداد افراد گزارش سالانه در طول سال بود نه اندازه هیئت. | Cutoff ۱۴۰۴/۱۲/۲۹ بر پایه آخرین جدول ثبت‌شده در کدال (جلسه ۱۴۰۴/۰۶/۱۷–۱۸: اطلاعیه ۱۴۰۴۲۸۶/۱۴۴۳۹۴۰/۱۴۴۸۵۱۲/۱۴۵۱۷۱۹). انتخاب اعضای جدید در مجمع ۱۴۰۴/۰۸/۲۳ تا جلسه ۱۴۰۵/۰۲/۰۸ عملیاتی نشد (در حال احراز تایید صلاحیت). | سطح اطمینان High | X22: تاییدشده (v38) | Y22: گردش فردی = صورت ستون G تقسیم بر مخرج ستون H؛ تغییر نماینده = صورت J تقسیم بر مخرج K و فقط در کرسی با شخص حقوقی ثابت؛ تغییر شخص حقوقی = M تقسیم بر N؛ سهم عضو جدید = P تقسیم بر Q؛ ثبات = S تقسیم بر T. تغییر سمت به تنهایی Turnover نیست، vacancy خودکار تغییر نماینده نیست و Missing صفر نمی شود. | Z22: SRC_PRSN_1403_001 | گزارش فعالیت هیئت مدیره | ۱۴۰۳ | ۵۰ | Snapshot مبنا برای ۱۴۰۳ SRC_PRSN_1404_007 | گزارش فعالیت هیئت مدیره | ۱۴۰۴ | ۳۷ تا ۳۸ | Snapshot مبنا برای ۱۴۰۴ | v38 TracingNo: 1288275 ؛ 1345985 ؛ 1443940 | AA22: https://www.codal.ir/Reports/Decision.aspx?LetterSerial=DsOgAmOOObOOOXCBilD6gqB1SIaw%3d%3d&rt=2&let=19&ct=0&ft=-1 ؛ https://www.codal.ir/Reports/Decision.aspx?LetterSerial=Isgmsl2s3SpQQQaQQQYOnBYzL9bw%3d%3d&rt=2&let=19&ct=0&ft=-1 ؛ https://www.codal.ir/Reports/Decision.aspx?LetterSerial=zNIQQQaQQQIYcl2yMb4DUIPu3s7w%3d%3d&rt=2&let=19&ct=0&ft=-1
A23: اخابر | B23: Batch 5 | C23: بالا | D23: VISUAL_PLUS_TYPE19_RECONCILIATION | E23: بله | F23: بله | G23: 1 | H23: 5 | I23: =IF(AND(ISNUMBER(G23),ISNUMBER(H23),H23>0),G23/H23,"") -> 0.2 | J23: 1 | K23: 3 | L23: =IF(AND(ISNUMBER(J23),ISNUMBER(K23),K23>0),J23/K23,"") -> 0.33333333 | M23: 2 | N23: 5 | O23: =IF(AND(ISNUMBER(M23),ISNUMBER(N23),N23>0),M23/N23,"") -> 0.4 | P23: 1 | Q23: 5 | R23: =IF(AND(ISNUMBER(P23),ISNUMBER(Q23),Q23>0),P23/Q23,"") -> 0.2 | S23: 4 | T23: 5 | U23: =IF(AND(ISNUMBER(S23),ISNUMBER(T23),T23>0),S23/T23,"") -> 0.8 | V23: خیر | W23: تطبیق بصری و بازتایید شخص حقوقی | X23: تاییدشده | Y23: گردش فردی = صورت ستون G تقسیم بر مخرج ستون H؛ تغییر نماینده = صورت J تقسیم بر مخرج K و فقط در کرسی با شخص حقوقی ثابت؛ تغییر شخص حقوقی = M تقسیم بر N؛ سهم عضو جدید = P تقسیم بر Q؛ ثبات = S تقسیم بر T. تغییر سمت به تنهایی Turnover نیست، vacancy خودکار تغییر نماینده نیست و Missing صفر نمی شود. | Z23: SRC_AKHB_1404_002 | گزارش فعالیت هیئت مدیره | ۱۴۰۳ | ۹۳ تا ۹۴ | Snapshot مبنا برای ۱۴۰۳ SRC_AKHB_1404_003 | افشای نوع ۱۹ | ۱۴۰۴ | ۱ | Snapshot اصلی ۱۴۰۴ و تایید نمایندگان SRC_AKHB_1404_005 | افشای نوع ۱۹ | ۱۴۰۴ | ۱ | کنترل تغییر اشخاص حقوقی در طول سال | AA23: https://www.codal.ir/Reports/Attachment.aspx?LetterSerial=l18osNfAAH2DvvstKQQQaQQQYuHQ%3d%3d https://www.codal.ir/Reports/Decision.aspx?LetterSerial=GSIO5iJOn2Ini6eniOOOObOOOopw%3d%3d&rt=5&let=19&ct=0&ft=-1 https://www.codal.ir/Reports/Decision.aspx?LetterSerial=iXcFNxwCjn4aV4ptXi6QQQaQQQjA%3d%3d&rt=5&let=19&ct=0&ft=-1
A24: جم | B24: Batch 5 | C24: بالا | D24: TYPE19_CUTOFF_CHRONOLOGY_V38 | E24: بله | F24: بله | G24: 2 | H24: 5 | I24: =IF(AND(ISNUMBER(G24),ISNUMBER(H24),H24>0),G24/H24,"") -> 0.4 | J24: 2 | K24: 4 | L24: =IF(AND(ISNUMBER(J24),ISNUMBER(K24),K24>0),J24/K24,"") -> 0.5 | M24: 1 | N24: 5 | O24: =IF(AND(ISNUMBER(M24),ISNUMBER(N24),N24>0),M24/N24,"") -> 0.2 | P24: 1 | Q24: 5 | R24: =IF(AND(ISNUMBER(P24),ISNUMBER(Q24),Q24>0),P24/Q24,"") -> 0.2 | S24: 3 | T24: 5 | U24: =IF(AND(ISNUMBER(S24),ISNUMBER(T24),T24>0),S24/T24,"") -> 0.6 | V24: بله | W24: v38: Cutoff ۱۴۰۳/۱۲/۲۹: اطلاعیه ۱۱۷۱۲۶۵ (۱۴۰۲/۱۲/۲۸: اکبری جایگزین قنبریان) + گزارش FY1403 ص۳۵ (تاریخ انتصاب اکبری ۱۴۰۲/۱۲/۲۸) و ستون «قبلی» اطلاعیه ۱۳۹۸۵۳۴؛ بین ۱۴۰۲/۱۲/۲۸ و ۱۴۰۴/۰۶/۰۴ اطلاعیه‌ای در فهرست کدال نیست. | Cutoff ۱۴۰۴/۱۲/۲۹: اطلاعیه ۱۵۲۷۳۸۹ (جلسه ۱۴۰۴/۱۲/۲۵؛ انتشار ۱۴۰۵/۰۲/۲۹ یعنی پس از Cutoff). حساسیت: اگر فقط افشای منتشرشده تا Cutoff ملاک باشد، معینی و تغییر رئیس حذف می‌شوند (G=2، P=0، رئیس بدون تغییر). | سطح اطمینان High | X24: تاییدشده (v38) | Y24: گردش فردی = صورت ستون G تقسیم بر مخرج ستون H؛ تغییر نماینده = صورت J تقسیم بر مخرج K و فقط در کرسی با شخص حقوقی ثابت؛ تغییر شخص حقوقی = M تقسیم بر N؛ سهم عضو جدید = P تقسیم بر Q؛ ثبات = S تقسیم بر T. تغییر سمت به تنهایی Turnover نیست، vacancy خودکار تغییر نماینده نیست و Missing صفر نمی شود. | Z24: SRC_JAM_1404_002 | گزارش فعالیت هیئت مدیره | ۱۴۰۳ | ۳۵ | Snapshot مبنا برای ۱۴۰۳ SRC_JAM_1404_008 | افشای نوع ۱۹ | ۱۴۰۳ | ۱ | تایید نام رسمی کاوشگران بازار سرمایه SRC_JAM_1404_005 | افشای نوع ۱۹ | ۱۴۰۴ | ۱ | آخرین Snapshot قابل اتکا پیش از Cutoff | v38 TracingNo: 1171265 ؛ 1398534 ؛ 1527389 | AA24: https://www.codal.ir/Reports/Decision.aspx?LetterSerial=SZoueUaBHVA%2bs%2bgcP%2bwj4A%3d%3d&rt=0&let=19&ct=0&ft=-1 ؛ https://www.codal.ir/Reports/Decision.aspx?LetterSerial=BpLLXiooiLziZroLI2hLPQ%3d%3d&rt=0&let=19&ct=0&ft=-1 ؛ https://www.codal.ir/Reports/Decision.aspx?LetterSerial=QQQaQQQtpQVpIOOObOOOPhcgQQQaQQQA5ahYjCjA%3d%3d&rt=0&let=19&ct=0&ft=-1
... A28: همراه | B28: Batch 6 | C28: بالا | D28: DIRECT_ANNUAL_REPORT_PLUS_TYPE19 | E28: بله | F28: بله | G28: 0 | H28: 5 | I28: =IF(AND(ISNUMBER(G28),ISNUMBER(H28),H28>0),G28/H28,"") -> 0 | J28: 0 | K28: 5 | L28: =IF(AND(ISNUMBER(J28),ISNUMBER(K28),K28>0),J28/K28,"") -> 0 | M28: 0 | N28: 5 | O28: =IF(AND(ISNUMBER(M28),ISNUMBER(N28),N28>0),M28/N28,"") -> 0 | P28: 0 | Q28: 5 | R28: =IF(AND(ISNUMBER(P28),ISNUMBER(Q28),Q28>0),P28/Q28,"") -> 0 | S28: 5 | T28: 5 | U28: =IF(AND(ISNUMBER(S28),ISNUMBER(T28),T28>0),S28/T28,"") -> 1 | V28: خیر | W28: پنج شخص حقوقی و پنج نماینده ثابت | X28: تاییدشده | Y28: گردش فردی = صورت ستون G تقسیم بر مخرج ستون H؛ تغییر نماینده = صورت J تقسیم بر مخرج K و فقط در کرسی با شخص حقوقی ثابت؛ تغییر شخص حقوقی = M تقسیم بر N؛ سهم عضو جدید = P تقسیم بر Q؛ ثبات = S تقسیم بر T. تغییر سمت به تنهایی Turnover نیست، vacancy خودکار تغییر نماینده نیست و Missing صفر نمی شود. | Z28: SRC_HMRH_1404_002 | گزارش فعالیت هیئت مدیره | ۱۴۰۳ | ۵ | Snapshot مبنا ۱۴۰۳ SRC_HMRH_1404_001 | گزارش فعالیت هیئت مدیره | ۱۴۰۴ | ۵ | Snapshot مبنا ۱۴۰۴ SRC_HMRH_1404_005 | افشای نوع ۱۹ | ۱۴۰۴ | ۱ | بازتایید ثبات نمایندگان و اشخاص حقوقی | AA28: https://www.codal.ir/Reports/Attachment.aspx?LetterSerial=qF6WQQQaQQQvb3G9yQQQaQQQVuknoGcUQQ%3d%3d https://www.codal.ir/Reports/Attachment.aspx?LetterSerial=Ln6R9zsWXNJqeuz97OOObOOOaACw%3d%3d https://www.codal.ir/Reports/Decision.aspx?LetterSerial=EkFsjyhmhfXBQoQQQaQQQTg7cqCw%3d%3d&rt=5&let=19&ct=0&ft=-1
A29: وبملت | B29: Batch 6 | C29: بالا | D29: DIRECT_TYPE19_COMPARISON | E29: بله | F29: خیر | G29: 0 | H29: 5 | I29: =IF(AND(ISNUMBER(G29),ISNUMBER(H29),H29>0),G29/H29,"") -> 0 | L29: =IF(AND(ISNUMBER(J29),ISNUMBER(K29),K29>0),J29/K29,"") | O29: =IF(AND(ISNUMBER(M29),ISNUMBER(N29),N29>0),M29/N29,"") | P29: 0 | Q29: 5 | R29: =IF(AND(ISNUMBER(P29),ISNUMBER(Q29),Q29>0),P29/Q29,"") -> 0 | S29: 5 | T29: 5 | U29: =IF(AND(ISNUMBER(S29),ISNUMBER(T29),T29>0),S29/T29,"") -> 1 | V29: خیر | W29: اعضا حقیقی مستقیم؛ Representative Change قابل اعمال نیست | X29: تاییدشده | Y29: گردش فردی = صورت ستون G تقسیم بر مخرج ستون H؛ تغییر نماینده = صورت J تقسیم بر مخرج K و فقط در کرسی با شخص حقوقی ثابت؛ تغییر شخص حقوقی = M تقسیم بر N؛ سهم عضو جدید = P تقسیم بر Q؛ ثبات = S تقسیم بر T. تغییر سمت به تنهایی Turnover نیست، vacancy خودکار تغییر نماینده نیست و Missing صفر نمی شود. | Z29: SRC_MELT_1404_006 | افشای نوع ۱۹ | ۱۴۰۳ | ۱ | Snapshot اشخاص حقیقی ۱۴۰۳ SRC_MELT_1404_005 | افشای نوع ۱۹ | ۱۴۰۴ | ۱ | Snapshot اشخاص حقیقی ۱۴۰۴؛ فقط تغییر سمت | AA29: https://www.codal.ir/Reports/Decision.aspx?LetterSerial=pMyRiSQQQaQQQwMIoymmCCqmzwtg%3d%3d&rt=3&let=19&ct=0&ft=-1 https://www.codal.ir/Reports/Decision.aspx?LetterSerial=jqQzOOObOOOZ5mOOObOOO0IdbSC6088ERA%3d%3d&rt=3&let=19&ct=0&ft=-1
A30: وبصادر | B30: Batch 6 | C30: بالا | D30: DIRECT_ANNUAL_REPORT_COMPARISON | E30: بله | F30: خیر | G30: 0 | H30: 5 | I30: =IF(AND(ISNUMBER(G30),ISNUMBER(H30),H30>0),G30/H30,"") -> 0 | L30: =IF(AND(ISNUMBER(J30),ISNUMBER(K30),K30>0),J30/K30,"") | O30: =IF(AND(ISNUMBER(M30),ISNUMBER(N30),N30>0),M30/N30,"") | P30: 0 | Q30: 5 | R30: =IF(AND(ISNUMBER(P30),ISNUMBER(Q30),Q30>0),P30/Q30,"") -> 0 | S30: 5 | T30: 5 | U30: =IF(AND(ISNUMBER(S30),ISNUMBER(T30),T30>0),S30/T30,"") -> 1 | V30: خیر | W30: اعضا حقیقی مستقیم؛ Representative Change قابل اعمال نیست | X30: تاییدشده | Y30: گردش فردی = صورت ستون G تقسیم بر مخرج ستون H؛ تغییر نماینده = صورت J تقسیم بر مخرج K و فقط در کرسی با شخص حقوقی ثابت؛ تغییر شخص حقوقی = M تقسیم بر N؛ سهم عضو جدید = P تقسیم بر Q؛ ثبات = S تقسیم بر T. تغییر سمت به تنهایی Turnover نیست، vacancy خودکار تغییر نماینده نیست و Missing صفر نمی شود. | Z30: SRC_VBSD_1404_002 | گزارش فعالیت هیئت مدیره | ۱۴۰۳ | ۳۸ تا ۳۹ | Snapshot مبنا ۱۴۰۳ SRC_VBSD_1404_001 | گزارش فعالیت هیئت مدیره | ۱۴۰۴ | ۴۵ تا ۴۶ | Snapshot مبنا ۱۴۰۴ | AA30: https://www.codal.ir/Reports/Attachment.aspx?LetterSerial=HChwyLb11ZnzYeIEeB3Jng%3d%3d https://www.codal.ir/Reports/Attachment.aspx?LetterSerial=p0cfFj1rDsXiFZsu35tCWw%3d%3d
A31: وپاسار | B31: Batch 6 | C31: حل نشده | D31: ARCHIVE_AVAILABILITY_CHECK | E31: بله | F31: نامشخص | I31: =IF(AND(ISNUMBER(G31),ISNUMBER(H31),H31>0),G31/H31,"") | L31: =IF(AND(ISNUMBER(J31),ISNUMBER(K31),K31>0),J31/K31,"") | O31: =IF(AND(ISNUMBER(M31),ISNUMBER(N31),N31>0),M31/N31,"") | R31: =IF(AND(ISNUMBER(P31),ISNUMBER(Q31),Q31>0),P31/Q31,"") | U31: =IF(AND(ISNUMBER(S31),ISNUMBER(T31),T31>0),S31/T31,"") | V31: نامشخص | W31: v38: Not Found — برای ۱۴۰۴/۱۲/۲۹: اطلاعیه ن-۴۵ در ۱۴۰۳–۱۴۰۴ نیست، گزارش فعالیت FY1404 منتشر نشده، AGM FY1404 (۱۴۰۵/۰۴/۳۱) فاقد حد نصاب (۱۴٫۲۱٪)؛ پایه نیز متناقض (گزارش FY1403: ۷ عضو؛ AGM: ۵ عضو) | X31: حل نشده | Y31: گردش فردی = صورت ستون G تقسیم بر مخرج ستون H؛ تغییر نماینده = صورت J تقسیم بر مخرج K و فقط در کرسی با شخص حقوقی ثابت؛ تغییر شخص حقوقی = M تقسیم بر N؛ سهم عضو جدید = P تقسیم بر Q؛ ثبات = S تقسیم بر T. تغییر سمت به تنهایی Turnover نیست، vacancy خودکار تغییر نماینده نیست و Missing صفر نمی شود. | Z31: SRC_VPSR_1404_001 | گزارش فعالیت هیئت مدیره منتهی به ۱۴۰۳/۱۲/۳۰ | ۱۴۰۳ | گزارش ۴۵ صفحه ای | بسته کاربر منبع FY1404 یا Type19 مناسب ندارد SRC_VPSR_1404_001 | گزارش فعالیت هیئت مدیره | ۱۴۰۳ | ۹ | FY1403 موجود است؛ FY1404 در آرشیو بارگذاری شده یافت نشد | AA31: https://www.codal.ir/Reports/Attachment.aspx?LetterSerial=Cxkdj8wztt52xU9MoBXp2w%3d%3d
A32: حکشتی | B32: خارج از مخرج | C32: محدودیت ساختاری | D32: SEAT_LEVEL_ONLY | E32: خیر | F32: خیر | I32: =IF(AND(ISNUMBER(G32),ISNUMBER(H32),H32>0),G32/H32,"") | L32: =IF(AND(ISNUMBER(J32),ISNUMBER(K32),K32>0),J32/K32,"") | O32: =IF(AND(ISNUMBER(M32),ISNUMBER(N32),N32>0),M32/N32,"") | R32: =IF(AND(ISNUMBER(P32),ISNUMBER(Q32),Q32>0),P32/Q32,"") | U32: =IF(AND(ISNUMBER(S32),ISNUMBER(T32),T32>0),S32/T32,"") | V32: نامشخص | W32: v38: Not Found — در اطلاعیه‌های ن-۴۵، گزارش فعالیت، AGM و پیوست‌ها نام نماینده حقیقی ثبت نشده («فاقد نماینده»)؛ نیازمند صورتجلسه هیئت مدیره تعیین سمت با نام نمایندگان یا منبع رسمی شرکت | X32: خارج از مخرج پایلوت | Y32: گردش فردی = صورت ستون G تقسیم بر مخرج ستون H؛ تغییر نماینده = صورت J تقسیم بر مخرج K و فقط در کرسی با شخص حقوقی ثابت؛ تغییر شخص حقوقی = M تقسیم بر N؛ سهم عضو جدید = P تقسیم بر Q؛ ثبات = S تقسیم بر T. تغییر سمت به تنهایی Turnover نیست، vacancy خودکار تغییر نماینده نیست و Missing صفر نمی شود. | Z32: Iran_BSI_v33_Phase4_2K_FinalTurnoverClosure.xlsx | شرکت های Seat Level | داده شخص حقیقی برای Turnover قابل اتکا نبود | AA32: برای ردیابی پایه به فایل v33 و Source_IDهای همان فاز مراجعه شود
A33: شپدیس | B33: خارج از مخرج | C33: بالا | D33: TYPE19_CUTOFF_CHRONOLOGY_V38 | E33: بله | F33: بله | G33: 1 | H33: 4 | I33: =IF(AND(ISNUMBER(G33),ISNUMBER(H33),H33>0),G33/H33,"") -> 0.25 | J33: 1 | K33: 4 | L33: =IF(AND(ISNUMBER(J33),ISNUMBER(K33),K33>0),J33/K33,"") -> 0.25 | M33: 0 | N33: 5 | O33: =IF(AND(ISNUMBER(M33),ISNUMBER(N33),N33>0),M33/N33,"") -> 0 | P33: 2 | Q33: 5 | R33: =IF(AND(ISNUMBER(P33),ISNUMBER(Q33),Q33>0),P33/Q33,"") -> 0.4 | S33: 3 | T33: 4 | U33: =IF(AND(ISNUMBER(S33),ISNUMBER(T33),T33>0),S33/T33,"") -> 0.75 | V33: بله | W33: v38: Cutoff ۱۴۰۳/۱۲/۲۹ از اطلاعیه ۱۳۰۹۳۸۶ (جلسه ۱۴۰۳/۱۱/۲۹؛ پیش‌تر در آرشیو نبود)؛ تا ۱۴۰۴/۰۳/۱۱ اطلاعیه دیگری نیست. | Cutoff ۱۴۰۴/۱۲/۲۹ از اطلاعیه ۱۴۴۳۷۲۱ (جلسه ۱۴۰۴/۰۹/۰۵)؛ بعدی ۱۵۶۳۳۴۲ جلسه ۱۴۰۵/۰۴/۲۰ پس از Cutoff است. | سطح اطمینان Confirmed | X33: تاییدشده (v38) | Y33: گردش فردی = صورت ستون G تقسیم بر مخرج ستون H؛ تغییر نماینده = صورت J تقسیم بر مخرج K و فقط در کرسی با شخص حقوقی ثابت؛ تغییر شخص حقوقی = M تقسیم بر N؛ سهم عضو جدید = P تقسیم بر Q؛ ثبات = S تقسیم بر T. تغییر سمت به تنهایی Turnover نیست، vacancy خودکار تغییر نماینده نیست و Missing صفر نمی شود. | Z33: Iran_BSI_v33_Phase4_2K_FinalTurnoverClosure.xlsx | وضعیت ۳۰ شرکت | سند FY1403 برای تطبیق دو ساله در دسترس نبود | v38 TracingNo: 1309386 ؛ 1433411 ؛ 1443721 | AA33: https://www.codal.ir/Reports/Decision.aspx?LetterSerial=C4XsKe3dMCJ7F1MqOaUJBw%3d%3d&rt=0&let=19&ct=0&ft=-1 ؛ https://www.codal.ir/Reports/Decision.aspx?LetterSerial=wdvkPalLR21S83nLTXWEcA%3d%3d&rt=0&let=19&ct=0&ft=-1 ؛ https://www.codal.ir/Reports/Decision.aspx?LetterSerial=Lh6dCOOObOOOOOObOOOHmUIfwOOObOOOrvn9DNRQ%3d%3d&rt=0&let=19&ct=0&ft=-1

Sheet پوشش نهایی
A1: پوشش نهایی Measureها
A2: پوشش بر مبنای داده تاییدشده پس از شش Batch
A3: معیار | B3: واجد شرایط | C3: دارای داده | D3: قابل اعمال نیست | E3: خارج از مخرج | F3: حل نشده | G3: پوشش واجد شرایط | H3: پوشش از کل ۳۰ | I3: وضعیت پوشش | J3: تصمیم معماری | K3: یادداشت | L3: روش محاسبه | M3: منبع داده
A4: گردش شخص حقیقی | B4: =COUNTIF('Turnover نهایی'!E4:E33,"بله") -> 29 | C4: =COUNT('Turnover نهایی'!I4:I33) -> 28 | D4: 0 | E4: =COUNTIF('Turnover نهایی'!X4:X33,"خارج از مخرج پایلوت") -> 1 | F4: =COUNTIFS('Turnover نهایی'!E4:E33,"بله",'Turnover نهایی'!I4:I33,"") -> 1 | G4: =IF(B4>0,C4/B4,"") -> 0.96551724 | H4: =C4/30 -> 0.93333333 | I4: =IF(G4>=0.9,"بسیار قوی",IF(G4>=0.8,"قوی",IF(G4>=0.7,"قابل استفاده با محدودیت",IF(G4>=0.5,"توسعه ای","ضعیف")))) -> بسیار قوی | J4: مقیاس پذیری با محدودیت | K4: پوشش بسیار قوی؛ جهت کیفیت ساده ندارد | L4: دارای داده برابر تعداد نرخ های عددی گردش فردی است؛ پوشش واجد شرایط = دارای داده ÷ شرکت های واجد شرایط Turnover. | M4: Turnover نهایی و وضعیت ۳۰ شرکت
A5: تغییر نماینده با شخص حقوقی ثابت | B5: =COUNTIF('Turnover نهایی'!F4:F33,"بله") -> 25 | C5: =COUNT('Turnover نهایی'!L4:L33) -> 25 | D5: =COUNTIFS('Turnover نهایی'!F4:F33,"خیر",'Turnover نهایی'!X4:X33,"<>خارج از مخرج پایلوت") -> 3 | E5: =COUNTIF('Turnover نهایی'!X4:X33,"خارج از مخرج پایلوت") -> 1 | F5: =COUNTIF('Turnover نهایی'!F4:F33,"نامشخص") -> 1 | G5: =IF(B5>0,C5/B5,"") -> 1 | H5: =C5/30 -> 0.83333333 | I5: =IF(G5>=0.9,"بسیار قوی",IF(G5>=0.8,"قوی",IF(G5>=0.7,"قابل استفاده با محدودیت",IF(G5>=0.5,"توسعه ای","ضعیف")))) -> بسیار قوی | J5: مقیاس پذیری با محدودیت | K5: Measure بومی و پویا؛ ۴ شرکت مستقیم قابل اعمال نیستند و وپاسار نامشخص است | L5: دارای داده برابر تعداد نرخ های عددی تغییر نماینده است؛ فقط شرکت های دارای ساختار نمایندگی حقوقی تاییدشده در مخرج واجد شرایط قرار می گیرند. | M5: Turnover نهایی و وضعیت ۳۰ شرکت
A6: تغییر شخص حقوقی | B6: =COUNTIF('Turnover نهایی'!F4:F33,"بله") -> 25 | C6: =COUNT('Turnover نهایی'!O4:O33) -> 25 | D6: =COUNTIFS('Turnover نهایی'!F4:F33,"خیر",'Turnover نهایی'!X4:X33,"<>خارج از مخرج پایلوت") -> 3 | E6: =COUNTIF('Turnover نهایی'!X4:X33,"خارج از مخرج پایلوت") -> 1 | F6: =COUNTIF('Turnover نهایی'!F4:F33,"نامشخص") -> 1 | G6: =IF(B6>0,C6/B6,"") -> 1 | H6: =C6/30 -> 0.83333333 | I6: =IF(G6>=0.9,"بسیار قوی",IF(G6>=0.8,"قوی",IF(G6>=0.7,"قابل استفاده با محدودیت",IF(G6>=0.5,"توسعه ای","ضعیف")))) -> بسیار قوی | J6: فقط آزمون استحکام | K6: Variation واقعی دارد ولی جهت کیفی ندارد | L6: مشابه REF08 اما متغیر مورد سنجش تغییر شخص حقوقی صاحب کرسی است. | M6: Turnover نهایی و وضعیت ۳۰ شرکت
A7: سهم اعضای جدید | B7: =COUNTIF('Turnover نهایی'!E4:E33,"بله") -> 29 | C7: =COUNT('Turnover نهایی'!R4:R33) -> 28 | D7: 0 | E7: =COUNTIF('Turnover نهایی'!X4:X33,"خارج از مخرج پایلوت") -> 1 | F7: =COUNTIFS('Turnover نهایی'!E4:E33,"بله",'Turnover نهایی'!R4:R33,"") -> 1 | G7: =IF(B7>0,C7/B7,"") -> 0.96551724 | H7: =C7/30 -> 0.93333333 | I7: =IF(G7>=0.9,"بسیار قوی",IF(G7>=0.8,"قوی",IF(G7>=0.7,"قابل استفاده با محدودیت",IF(G7>=0.5,"توسعه ای","ضعیف")))) -> بسیار قوی | J7: فقط آزمون استحکام | K7: همپوشانی بالا با Turnover | L7: تعداد سهم های عددی عضو جدید تقسیم بر شرکت های واجد شرایط Turnover. | M7: Turnover نهایی و وضعیت ۳۰ شرکت
A8: ثبات هیئت مدیره | B8: =COUNTIF('Turnover نهایی'!E4:E33,"بله") -> 29 | C8: =COUNT('Turnover نهایی'!U4:U33) -> 28 | D8: 0 | E8: =COUNTIF('Turnover نهایی'!X4:X33,"خارج از مخرج پایلوت") -> 1 | F8: =COUNTIFS('Turnover نهایی'!E4:E33,"بله",'Turnover نهایی'!U4:U33,"") -> 1 | G8: =IF(B8>0,C8/B8,"") -> 0.96551724 | H8: =C8/30 -> 0.93333333 | I8: =IF(G8>=0.9,"بسیار قوی",IF(G8>=0.8,"قوی",IF(G8>=0.7,"قابل استفاده با محدودیت",IF(G8>=0.5,"توسعه ای","ضعیف")))) -> بسیار قوی | J8: فقط آزمون استحکام | K8: مکمل ریاضی Turnover؛ همزمان در Composite استفاده نشود | L8: تعداد نرخ های عددی ثبات تقسیم بر شرکت های واجد شرایط Turnover. ثبات مکمل Turnover است. | M8: Turnover نهایی و وضعیت ۳۰ شرکت
A9: تغییر رئیس؛ کل نمونه و پوشش محافظه کارانه | B9: ='CR1A v39'!B44 -> 30 | C9: ='CR1A v39'!B39 -> 26 | D9: 0 | E9: 0 | F9: ='CR1A v39'!B50 -> 4 | G9: =IF(B9>0,C9/B9,"") -> 0.86666667 | H9: =C9/30 -> 0.86666667 | I9: =IF(G9>=0.9,"بسیار قوی",IF(G9>=0.8,"قوی",IF(G9>=0.7,"قابل استفاده با محدودیت",IF(G9>=0.5,"توسعه ای","ضعیف")))) -> قوی | J9: تشخیصی در این جدول | K9: ۲۷ کد عددی موجود؛ ۲۶ بدون تعارض باز ثبت شده و چهار مورد خارج از مجموعه محافظه کارانه | L9: سه نامشخص: رمپنا، وپاسار، حکشتی؛ یک تعارض: فملی. شرکت فاقد کرسی حقوقی نیز می تواند تغییر رئیس داشته باشد. | M9: CR1A v39؛ ستون های C و F و جدول جمع بندی

Sheet Variation نهایی
A1: Variation نهایی خانواده Turnover
A2: آمار توصیفی بر پایه نرخ های تاییدشده
A3: معیار | B3: N | C3: کمینه | D3: بیشینه | E3: میانگین | F3: میانه | G3: انحراف معیار | H3: تعداد صفر | I3: تعداد مثبت | J3: تفسیر | K3: روش محاسبه | L3: منبع داده
A4: گردش شخص حقیقی | B4: =COUNT('Turnover نهایی'!I4:I33) -> 28 | C4: =MIN('Turnover نهایی'!I4:I33) -> 0 | D4: =MAX('Turnover نهایی'!I4:I33) -> 0.8 | E4: =AVERAGE('Turnover نهایی'!I4:I33) -> 0.3577381 | F4: =MEDIAN('Turnover نهایی'!I4:I33) -> 0.4 | G4: =STDEV('Turnover نهایی'!I4:I33) -> 0.24446474 | H4: =COUNTIF('Turnover نهایی'!I4:I33,0) -> 5 | I4: =COUNTIF('Turnover نهایی'!I4:I33,">0") -> 23 | J4: Variation بالا؛ مناسب توسعه، جهت کیفیت غیرخطی یا وابسته به زمینه | K4: N با COUNT؛ کمینه با MIN؛ بیشینه با MAX؛ میانگین با AVERAGE؛ میانه با MEDIAN؛ انحراف معیار با STDEV؛ صفر و مثبت با COUNTIF روی نرخ های تاییدشده | L4: Turnover نهایی، فقط سلول های عددی نرخ مربوطه
A5: تغییر نماینده | B5: =COUNT('Turnover نهایی'!L4:L33) -> 25 | C5: =MIN('Turnover نهایی'!L4:L33) -> 0 | D5: =MAX('Turnover نهایی'!L4:L33) -> 1 | E5: =AVERAGE('Turnover نهایی'!L4:L33) -> 0.414 | F5: =MEDIAN('Turnover نهایی'!L4:L33) -> 0.4 | G5: =STDEV('Turnover نهایی'!L4:L33) -> 0.28781907 | H5: =COUNTIF('Turnover نهایی'!L4:L33,0) -> 4 | I5: =COUNTIF('Turnover نهایی'!L4:L33,">0") -> 21 | J5: Variation بالا و ایران محور؛ سازه پویا و قابل توسعه | K5: N با COUNT؛ کمینه با MIN؛ بیشینه با MAX؛ میانگین با AVERAGE؛ میانه با MEDIAN؛ انحراف معیار با STDEV؛ صفر و مثبت با COUNTIF روی نرخ های تاییدشده | L5: Turnover نهایی، فقط سلول های عددی نرخ مربوطه
A6: تغییر شخص حقوقی | B6: =COUNT('Turnover نهایی'!O4:O33) -> 25 | C6: =MIN('Turnover نهایی'!O4:O33) -> 0 | D6: =MAX('Turnover نهایی'!O4:O33) -> 0.8 | E6: =AVERAGE('Turnover نهایی'!O4:O33) -> 0.144 | F6: =MEDIAN('Turnover نهایی'!O4:O33) -> 0 | G6: =STDEV('Turnover نهایی'!O4:O33) -> 0.24166092 | H6: =COUNTIF('Turnover نهایی'!O4:O33,0) -> 16 | I6: =COUNTIF('Turnover نهایی'!O4:O33,">0") -> 9 | J6: Variation واقعی اما بیشتر ساختاری و تشخیصی | K6: N با COUNT؛ کمینه با MIN؛ بیشینه با MAX؛ میانگین با AVERAGE؛ میانه با MEDIAN؛ انحراف معیار با STDEV؛ صفر و مثبت با COUNTIF روی نرخ های تاییدشده | L6: Turnover نهایی، فقط سلول های عددی نرخ مربوطه
A7: سهم اعضای جدید | B7: =COUNT('Turnover نهایی'!R4:R33) -> 28 | C7: =MIN('Turnover نهایی'!R4:R33) -> 0 | D7: =MAX('Turnover نهایی'!R4:R33) -> 0.8 | E7: =AVERAGE('Turnover نهایی'!R4:R33) -> 0.33928571 | F7: =MEDIAN('Turnover نهایی'!R4:R33) -> 0.4 | G7: =STDEV('Turnover نهایی'!R4:R33) -> 0.24546145 | H7: =COUNTIF('Turnover نهایی'!R4:R33,0) -> 6 | I7: =COUNTIF('Turnover نهایی'!R4:R33,">0") -> 22 | J7: همپوشانی بالا با Turnover؛ مناسب Robustness | K7: N با COUNT؛ کمینه با MIN؛ بیشینه با MAX؛ میانگین با AVERAGE؛ میانه با MEDIAN؛ انحراف معیار با STDEV؛ صفر و مثبت با COUNTIF روی نرخ های تاییدشده | L7: Turnover نهایی، فقط سلول های عددی نرخ مربوطه
A8: ثبات هیئت مدیره | B8: =COUNT('Turnover نهایی'!U4:U33) -> 28 | C8: =MIN('Turnover نهایی'!U4:U33) -> 0.2 | D8: =MAX('Turnover نهایی'!U4:U33) -> 1 | E8: =AVERAGE('Turnover نهایی'!U4:U33) -> 0.6422619 | F8: =MEDIAN('Turnover نهایی'!U4:U33) -> 0.6 | G8: =STDEV('Turnover نهایی'!U4:U33) -> 0.24446474 | H8: =COUNTIF('Turnover نهایی'!U4:U33,0) -> 0 | I8: =COUNTIF('Turnover نهایی'!U4:U33,">0") -> 28 | J8: مکمل ریاضی Turnover و نباید همزمان در Composite وارد شود | K8: N با COUNT؛ کمینه با MIN؛ بیشینه با MAX؛ میانگین با AVERAGE؛ میانه با MEDIAN؛ انحراف معیار با STDEV؛ صفر و مثبت با COUNTIF روی نرخ های تاییدشده | L8: Turnover نهایی، فقط سلول های عددی نرخ مربوطه

Sheet Correlation
A1: همپوشانی و اطلاعات افزوده
A2: همبستگی Pearson روی مشاهدات زوجی موجود
A3: زوج Measure | B3: همبستگی Pearson | C3: تفسیر | D3: تصمیم | E3: مبنای تصمیم | F3: هشدار | G3: روش محاسبه یا منبع
A4: Turnover و Representative Change | B4: =CORREL('Turnover نهایی'!I4:I33,'Turnover نهایی'!L4:L33) -> 0.83247496 | C4: همپوشانی بالا ولی نه کامل | D4: جدا نگه داشته شوند | E4: واحد تحلیل متفاوت است و نمونه هایی مثل شبندر و وامید مسیرهای متفاوت تغییر را نشان می دهند | F4: برای Composite همزمان بدون کنترل همپوشانی استفاده نشود | G4: همبستگی Pearson با تابع CORREL روی نرخ های عددی موجود در Turnover نهایی؛ برای بررسی همپوشانی و جلوگیری از دوباره شماری
A5: Turnover و Legal Entity Change | B5: =CORREL('Turnover نهایی'!I4:I33,'Turnover نهایی'!O4:O33) -> 0.13796976 | C5: همپوشانی پایین | D5: Legal Entity Change به عنوان Robustness یا Diagnostic | E5: تغییر مالک کرسی با تغییر فرد نماینده یکسان نیست | F5: جهت کیفیت ندارد | G5: همبستگی Pearson با تابع CORREL روی نرخ های عددی موجود در Turnover نهایی؛ برای بررسی همپوشانی و جلوگیری از دوباره شماری
A6: Turnover و New Member Share | B6: =CORREL('Turnover نهایی'!I4:I33,'Turnover نهایی'!R4:R33) -> 0.94731535 | C6: همپوشانی بسیار بالا | D6: New Member Share فقط Robustness | E6: بخش عمده همان تغییر ترکیب فردی را بازتاب می دهد | F6: در Composite همزمان وارد نشود | G6: همبستگی Pearson با تابع CORREL روی نرخ های عددی موجود در Turnover نهایی؛ برای بررسی همپوشانی و جلوگیری از دوباره شماری
A7: Turnover و Board Stability | B7: =CORREL('Turnover نهایی'!I4:I33,'Turnover نهایی'!U4:U33) -> -1 | C7: مکمل ریاضی | D7: فقط یکی در هر Specification | E7: تعریف ثبات مکمل Turnover است | F7: همزمان در Composite ممنوع | G7: همبستگی Pearson با تابع CORREL روی نرخ های عددی موجود در Turnover نهایی؛ برای بررسی همپوشانی و جلوگیری از دوباره شماری

Sheet Construct ایران محور
A1: نوآوری ایران محور، پویایی نمایندگی
A2: تغییر نماینده حقیقی با ثابت ماندن شخص حقوقی
A3: شاخص | B3: مقدار | C3: تفسیر | D3: روش محاسبه یا منبع
A4: شرکت های دارای ساختار نمایندگی حقوقی تاییدشده | B4: =COUNT('Turnover نهایی'!L4:L33) -> 25 | C4: پوشش کاربردی بالا در شرکت های دارای کرسی حقوقی | D4: محاسبه از ستون نرخ تغییر نماینده در Turnover نهایی؛ فقط شرکت های دارای ساختار نمایندگی حقوقی تاییدشده
A5: شرکت های دارای حداقل یک تغییر نماینده | B5: =COUNTIF('Turnover نهایی'!L4:L33,">0") -> 21 | C5: نشان دهنده تکرار واقعی پدیده | D5: محاسبه از ستون نرخ تغییر نماینده در Turnover نهایی؛ فقط شرکت های دارای ساختار نمایندگی حقوقی تاییدشده
A6: درصد شرکت های دارای تغییر | B6: =B5/B4 -> 0.84 | C6: فراوانی وقوع در ساختارهای قابل سنجش | D6: محاسبه از ستون نرخ تغییر نماینده در Turnover نهایی؛ فقط شرکت های دارای ساختار نمایندگی حقوقی تاییدشده
A7: میانگین نرخ تغییر نماینده | B7: =AVERAGE('Turnover نهایی'!L4:L33) -> 0.414 | C7: شدت متوسط پویایی نمایندگی | D7: محاسبه از ستون نرخ تغییر نماینده در Turnover نهایی؛ فقط شرکت های دارای ساختار نمایندگی حقوقی تاییدشده
A8: میانه | B8: =MEDIAN('Turnover نهایی'!L4:L33) -> 0.4 | C8: مقدار مرکزی | D8: محاسبه از ستون نرخ تغییر نماینده در Turnover نهایی؛ فقط شرکت های دارای ساختار نمایندگی حقوقی تاییدشده
A9: کمینه | B9: =MIN('Turnover نهایی'!L4:L33) -> 0 | C9: وجود شرکت های کاملا ثابت | D9: محاسبه از ستون نرخ تغییر نماینده در Turnover نهایی؛ فقط شرکت های دارای ساختار نمایندگی حقوقی تاییدشده
A10: بیشینه | B10: =MAX('Turnover نهایی'!L4:L33) -> 1 | C10: وجود شرکت با تغییر کامل نماینده در کرسی های ثابت | D10: محاسبه از ستون نرخ تغییر نماینده در Turnover نهایی؛ فقط شرکت های دارای ساختار نمایندگی حقوقی تاییدشده
A11: همبستگی با Turnover | B11: =CORREL('Turnover نهایی'!I4:I33,'Turnover نهایی'!L4:L33) -> 0.83247496 | C11: همپوشانی بالا اما ناقص؛ سازه جدا حفظ شود | D11: محاسبه از ستون نرخ تغییر نماینده در Turnover نهایی؛ فقط شرکت های دارای ساختار نمایندگی حقوقی تاییدشده
A12: همبستگی تغییر شخص حقوقی با Turnover | B12: =CORREL('Turnover نهایی'!I4:I33,'Turnover نهایی'!O4:O33) -> 0.13796976 | C12: تغییر شخص حقوقی اطلاعات متفاوتی نسبت به Turnover دارد | D12: محاسبه از ستون نرخ تغییر نماینده در Turnover نهایی؛ فقط شرکت های دارای ساختار نمایندگی حقوقی تاییدشده

Sheet ۱۲ شاخص اصلی BSI
A1: نام اصلی | B1: بُعد BSI | C1: معادل مستقیم ایران | D1: Proxy | E1: Alternative | F1: وضعیت نهایی | G1: Coverage | H1: دلیل | I1: منبع تصمیم یا روش
A2: Board Independence Score | B2: تفکیک ساختاری | C2: ندارد | D2: S1A (پروکسی) | E2: — | F2: اقتباس با پروکسی | G2: ۳۰/۳۰ | H2: مستقیم حفظ نشد؛ پروکسی قوی‌ترین شواهد پروژه | I2: Iran_BSI_v30_Phase4_2H_PreAdvisorReview.xlsx و Iran_BSI_v31_Phase4_2I_MaximumMeasureRecovery.xlsx | ممیزی ۱۲ شاخص اصلی BSI و امکان سنجی ایران
A3: Board Leadership Independence Score | B3: تفکیک ساختاری | C3: ندارد | D3: مسیر داده شناسایی‌شده، محاسبه نشده | E3: — | F3: حل‌نشده | G3: — | H3: نیازمند تجمیع سمت‌های بیرونی رئیس در فاز آینده | I3: Iran_BSI_v30_Phase4_2H_PreAdvisorReview.xlsx و Iran_BSI_v31_Phase4_2I_MaximumMeasureRecovery.xlsx | ممیزی ۱۲ شاخص اصلی BSI و امکان سنجی ایران
A4: CEO Roles Score | B4: تفکیک ساختاری | C4: ندارد | D4: همان مسیر | E4: — | F4: حل‌نشده | G4: — | H4: همان دلیل | I4: Iran_BSI_v30_Phase4_2H_PreAdvisorReview.xlsx و Iran_BSI_v31_Phase4_2I_MaximumMeasureRecovery.xlsx | ممیزی ۱۲ شاخص اصلی BSI و امکان سنجی ایران
A5: Board Chair Roles Score (تفکیک) | B5: تفکیک ساختاری | C5: ندارد | D5: همان مسیر | E5: — | F5: حل‌نشده | G5: — | H5: همان دلیل | I5: Iran_BSI_v30_Phase4_2H_PreAdvisorReview.xlsx و Iran_BSI_v31_Phase4_2I_MaximumMeasureRecovery.xlsx | ممیزی ۱۲ شاخص اصلی BSI و امکان سنجی ایران
A6: Board Roles Excluding CEO Score | B6: تفکیک ساختاری | C6: ندارد | D6: محدودتر | E6: — | F6: حل‌نشده | G6: — | H6: همان دلیل، محدودتر | I6: Iran_BSI_v30_Phase4_2H_PreAdvisorReview.xlsx و Iran_BSI_v31_Phase4_2I_MaximumMeasureRecovery.xlsx | ممیزی ۱۲ شاخص اصلی BSI و امکان سنجی ایران
A7: Board Composition Score | B7: تنوع | C7: ندارد | D7: ادغام در S1A/اندازه هیئت | E7: — | F7: فقط آزمون استحکام | G7: ۳۰/۳۰ | H7: نیازی به شاخص مستقل نیست | I7: Iran_BSI_v30_Phase4_2H_PreAdvisorReview.xlsx و Iran_BSI_v31_Phase4_2I_MaximumMeasureRecovery.xlsx | ممیزی ۱۲ شاخص اصلی BSI و امکان سنجی ایران
A8: Board of Directors Diversity Score | B8: تنوع | C8: ندارد | D8: تنوع سابقه حرفه‌ای | E8: تنوع تحصیلی | F8: اقتباس با پروکسی | G8: ۲۸/۳۰ | H8: دو پروکسی مکمل | I8: Iran_BSI_v30_Phase4_2H_PreAdvisorReview.xlsx و Iran_BSI_v31_Phase4_2I_MaximumMeasureRecovery.xlsx | ممیزی ۱۲ شاخص اصلی BSI و امکان سنجی ایران
A9: Board Age Diversity Score | B9: تنوع | C9: ندارد | D9: ندارد | E9: — | F9: حذف‌شده | G9: ۰/۳۰ | H9: بدون منبع رسمی، تایید‌شده با جستجوی فعال | I9: Iran_BSI_v30_Phase4_2H_PreAdvisorReview.xlsx و Iran_BSI_v31_Phase4_2I_MaximumMeasureRecovery.xlsx | ممیزی ۱۲ شاخص اصلی BSI و امکان سنجی ایران
A10: Board Gender Diversity Score | B10: تنوع | C10: ندارد | D10: ندارد | E10: — | F10: حذف‌شده | G10: ۰/۳۰ | H10: بدون منبع رسمی، تایید‌شده با جستجوی فعال | I10: Iran_BSI_v30_Phase4_2H_PreAdvisorReview.xlsx و Iran_BSI_v31_Phase4_2I_MaximumMeasureRecovery.xlsx | ممیزی ۱۲ شاخص اصلی BSI و امکان سنجی ایران
A11: Board of Directors Roles Score (نابرابری) | B11: نابرابری | C11: ندارد | D11: ندارد | E11: — | F11: حل‌نشده | G11: — | H11: بدون طراحی مفهومی ایرانی | I11: Iran_BSI_v30_Phase4_2H_PreAdvisorReview.xlsx و Iran_BSI_v31_Phase4_2I_MaximumMeasureRecovery.xlsx | ممیزی ۱۲ شاخص اصلی BSI و امکان سنجی ایران
A12: Board Chair Roles Score (نابرابری) | B12: نابرابری | C12: ندارد | D12: CR1A/CR1B | E12: — | F12: اقتباس با پروکسی | G12: CR1A: ۲۶ از ۳۰ محافظه کارانه؛ ۲۷ کد موجود. CR1B در v39 بازبینی نشد. | H12: جهت مبهم؛ خارج از ترکیب کیفیت پیش‌فرض | I12: Iran_BSI_v30_Phase4_2H_PreAdvisorReview.xlsx و Iran_BSI_v31_Phase4_2I_MaximumMeasureRecovery.xlsx | ممیزی ۱۲ شاخص اصلی BSI و امکان سنجی ایران
A13: Board Chair Refreshment Score | B13: نابرابری | C13: ندارد | D13: مدت تصدی/تعداد تغییر رئیس | E13: — | F13: اقتباس با پروکسی (Robustness) | G13: ۳۰/۳۰ (مقطعی) | H13: رابطه غیرخطی | I13: Iran_BSI_v30_Phase4_2H_PreAdvisorReview.xlsx و Iran_BSI_v31_Phase4_2I_MaximumMeasureRecovery.xlsx | ممیزی ۱۲ شاخص اصلی BSI و امکان سنجی ایران
I14: Iran_BSI_v30_Phase4_2H_PreAdvisorReview.xlsx و Iran_BSI_v31_Phase4_2I_MaximumMeasureRecovery.xlsx | ممیزی ۱۲ شاخص اصلی BSI و امکان سنجی ایران
A15: شمارش نهایی | B15: مستقیم=۰ | Proxy=۴ | فقط Robustness=۱ | حذف‌شده=۳ | حل‌نشده=۴ | I15: شمارش از وضعیت ردیف های ۲ تا ۱۳ همین برگه

Sheet ثبت منابع Batchها
A1: Batch | B1: شرکت | C1: Source_ID | D1: نوع سند | E1: سال یا تاریخ | F1: صفحه | G1: لینک یا منشأ | H1: نقش در محاسبه | I1: فایل منبع | J1: قاعده استفاده از منبع
A2: Batch 1 | B2: شبندر | C2: SRC_SHBN_1404_007 | D2: T19 اصلاحیه | E2: جلسه هیئت مدیره ۱۴۰۳/۱۲/۲۷ | F2: صفحه ۱ | G2: https://www.codal.ir/Reports/Decision.aspx?LetterSerial=ULk65ZOHpAkFOOObOOOb3pLpblJQ%3d%3d&rt=0&let=19&ct=0&ft=-1 | H2: Roster مستقیم ۱۴۰۳ | I2: Iran_BSI_Turnover_Batch1_3Firms_Verified.xlsx | J2: داده فقط در صورت انطباق با FY و Cutoff استفاده شده؛ در موارد تعارض، Snapshot معتبرتر یا Visual Verification مبنا بوده است
A3: Batch 1 | B3: شبندر | C3: SRC_SHBN_1404_003 | D3: T19 | E3: جلسه هیئت مدیره ۱۴۰۴/۱۰/۱۸ | F3: صفحه ۱ | G3: https://www.codal.ir/Reports/Decision.aspx?LetterSerial=kealwqnfPYdWwbR3UB9uZw%3d%3d&rt=0&let=19&ct=0&ft=-1 | H3: Roster مستقیم ۱۴۰۴ | I3: Iran_BSI_Turnover_Batch1_3Firms_Verified.xlsx | J3: داده فقط در صورت انطباق با FY و Cutoff استفاده شده؛ در موارد تعارض، Snapshot معتبرتر یا Visual Verification مبنا بوده است
A4: Batch 1 | B4: پارس | C4: SRC_PARS_1404_008 | D4: T19 | E4: جلسه هیئت مدیره ۱۴۰۴/۰۱/۳۰ | F4: صفحه ۱ | G4: https://www.codal.ir/Reports/Decision.aspx?LetterSerial=sjHofZygVLXICVj8iXL3Aw%3d%3d&rt=0&let=19&ct=0&ft=-1 | H4: ستون نماینده قبلی برای بازسازی وضعیت نزدیک پایان ۱۴۰۳ | I4: Iran_BSI_Turnover_Batch1_3Firms_Verified.xlsx | J4: داده فقط در صورت انطباق با FY و Cutoff استفاده شده؛ در موارد تعارض، Snapshot معتبرتر یا Visual Verification مبنا بوده است
A5: Batch 1 | B5: پارس | C5: SRC_PARS_1404_005 | D5: T19 | E5: جلسه هیئت مدیره ۱۴۰۴/۰۷/۲۶ | F5: صفحه ۱ | G5: https://www.codal.ir/Reports/Decision.aspx?LetterSerial=1kqm2T6e5zV5EQQQaQQQKdlIj9HA%3d%3d&rt=0&let=19&ct=0&ft=-1 | H5: آخرین Snapshot تاییدشده پیش از Cutoff ۱۴۰۴ در آرشیو | I5: Iran_BSI_Turnover_Batch1_3Firms_Verified.xlsx | J5: داده فقط در صورت انطباق با FY و Cutoff استفاده شده؛ در موارد تعارض، Snapshot معتبرتر یا Visual Verification مبنا بوده است
A6: Batch 1 | B6: شتران | C6: SRC_SHTR_1403_001 | D6: گزارش فعالیت هیئت مدیره | E6: دوره منتهی به ۱۴۰۳/۱۲/۳۰ | F6: PDF صفحه ۱۶، چاپی ۱۴ | G6: https://www.codal.ir/Reports/Attachment.aspx?LetterSerial=W3P2HVjIaDXFbdMemqSeUA%3d%3d | H6: Roster مستقیم ۱۴۰۳ | I6: Iran_BSI_Turnover_Batch1_3Firms_Verified.xlsx | J6: داده فقط در صورت انطباق با FY و Cutoff استفاده شده؛ در موارد تعارض، Snapshot معتبرتر یا Visual Verification مبنا بوده است
A7: Batch 1 | B7: شتران | C7: SRC_SHTR_1404_002 | D7: گزارش فعالیت هیئت مدیره | E7: دوره منتهی به ۱۴۰۴/۱۲/۲۹ | F7: PDF صفحه ۱۷، چاپی ۱۵ | G7: https://www.codal.ir/Reports/Attachment.aspx?LetterSerial=F0veQQQaQQQX4tai7nAftHYyrDhg%3d%3d | H7: Roster مستقیم ۱۴۰۴ | I7: Iran_BSI_Turnover_Batch1_3Firms_Verified.xlsx | J7: داده فقط در صورت انطباق با FY و Cutoff استفاده شده؛ در موارد تعارض، Snapshot معتبرتر یا Visual Verification مبنا بوده است
A8: Batch 2 | B8: وتجارت | C8: SRC_VTEJ_1404_004 | D8: گزارش فعالیت هیئت مدیره مربوط به سال مالی ۱۴۰۳ | E8: ۱۴۰۳ | F8: صفحه ۳۷ | G8: آرشیو محلی پروژه | H8: منبع جایگزین سالم که در v33 ثبت شده بود | I8: Iran_BSI_Turnover_Batch2_4Firms_Reviewed.xlsx | J8: داده فقط در صورت انطباق با FY و Cutoff استفاده شده؛ در موارد تعارض، Snapshot معتبرتر یا Visual Verification مبنا بوده است
A9: Batch 2 | B9: وتجارت | C9: SRC_VTEJ_1404_001 | D9: گزارش فعالیت هیئت مدیره مربوط به سال مالی ۱۴۰۴ | E9: ۱۴۰۴ | F9: صفحات ۴۴، ۴۶ و ۴۷ | G9: آرشیو محلی پروژه | H9: ترکیب هیئت در تاریخ ۱۴۰۴/۱۲/۲۹ | I9: Iran_BSI_Turnover_Batch2_4Firms_Reviewed.xlsx | J9: داده فقط در صورت انطباق با FY و Cutoff استفاده شده؛ در موارد تعارض، Snapshot معتبرتر یا Visual Verification مبنا بوده است
A10: Batch 2 | B10: رمپنا | C10: SRC_RMPN_1404_011 | D10: افشای نوع ۱۹، جلسه هیئت مدیره ۱۴۰۴/۰۲/۲۱ | E10: بازسازی ۱۴۰۳ | F10: صفحه ۱ | G10: https://www.codal.ir/Reports/Decision.aspx?LetterSerial=gsard4xmaj4Zi8yOS8AWMA%3d%3d&rt=5&let=19&ct=0&ft=-1 | H10: ستون نماینده قبلی برای بازسازی Cutoff ۱۴۰۳ استفاده شد | I10: Iran_BSI_Turnover_Batch2_4Firms_Reviewed.xlsx | J10: داده فقط در صورت انطباق با FY و Cutoff استفاده شده؛ در موارد تعارض، Snapshot معتبرتر یا Visual Verification مبنا بوده است
A11: Batch 2 | B11: رمپنا | C11: SRC_RMPN_1404_008 | D11: افشای نوع ۱۹، جلسه هیئت مدیره ۱۴۰۴/۱۰/۲۸ | E11: ۱۴۰۴ | F11: صفحات ۱ و ۲ | G11: https://www.codal.ir/Reports/Decision.aspx?LetterSerial=4P4QQQaQQQssbMX9ZMuZVciqBKOOObOOOg%3d%3d&rt=5&let=19&ct=0&ft=-1 | H11: آخرین افشای نوع ۱۹ موجود پیش از Cutoff ۱۴۰۴/۱۲/۲۹ | I11: Iran_BSI_Turnover_Batch2_4Firms_Reviewed.xlsx | J11: داده فقط در صورت انطباق با FY و Cutoff استفاده شده؛ در موارد تعارض، Snapshot معتبرتر یا Visual Verification مبنا بوده است
A12: Batch 2 | B12: فخوز | C12: SRC_FKHZ_1404_002 | D12: گزارش فعالیت هیئت مدیره منتهی به ۱۴۰۳/۱۲/۳۰ | E12: ۱۴۰۳ | F12: صفحه ۳۴ | G12: آرشیو رسمی کدال در بسته کاربر | H12: روستر کامل ۱۴۰۳ | I12: Iran_BSI_Turnover_Batch2_4Firms_Reviewed.xlsx | J12: داده فقط در صورت انطباق با FY و Cutoff استفاده شده؛ در موارد تعارض، Snapshot معتبرتر یا Visual Verification مبنا بوده است
... A54: Batch 6 | B54: وپاسار | C54: SRC_VPSR_1404_001 | D54: گزارش فعالیت هیئت مدیره | E54: ۱۴۰۳ | F54: ۹ | G54: https://www.codal.ir/Reports/Attachment.aspx?LetterSerial=Cxkdj8wztt52xU9MoBXp2w%3d%3d | H54: FY1403 موجود است؛ FY1404 در آرشیو بارگذاری شده یافت نشد | I54: Iran_BSI_Turnover_Batch6_5Firms_Final.xlsx | J54: داده فقط در صورت انطباق با FY و Cutoff استفاده شده؛ در موارد تعارض، Snapshot معتبرتر یا Visual Verification مبنا بوده است
A55: v33 | B55: زاگرس | C55: SRC_ZGRS_1404_002 (p.26, FY1403) و SRC_ZGRS_1404_001 (p.26, FY1404) | H55: بازخوانی کامل این فاز؛ بدون دانلود جدید | I55: Iran_BSI_v33_Phase4_2K_FinalTurnoverClosure.xlsx | J55: داده فقط در صورت انطباق با FY و Cutoff استفاده شده؛ در موارد تعارض، Snapshot معتبرتر یا Visual Verification مبنا بوده است
A56: v33 | B56: شبندر | C56: SRC_SHBN_1404_001 (p.55-56 کمیته حسابرسی، p.82-84 روستر هیئت‌مدیره) | H56: بازخوانی جزئی این فاز با الگوی جستجوی عربی؛ بدون دانلود جدید | I56: Iran_BSI_v33_Phase4_2K_FinalTurnoverClosure.xlsx | J56: داده فقط در صورت انطباق با FY و Cutoff استفاده شده؛ در موارد تعارض، Snapshot معتبرتر یا Visual Verification مبنا بوده است

Sheet Audit Trail
A1: مرحله | B1: تغییر | C1: مبنای شواهد | D1: اثر | E1: منبع یا روش کنترل
A2: v33 | B2: پوشش Turnover برابر ۵ از ۲۸ و معماری ۱۰ Measure در ۸ Construct | C2: فایل v33 | D2: Baseline | E2: Iran_BSI_v33_Phase4_2K_FinalTurnoverClosure.xlsx
A3: Batch 1 | B3: افزوده شدن شبندر، پارس، شتران | C3: بررسی دستی و بصری PDF | D3: پوشش به ۸ شرکت | E3: Iran_BSI_Turnover_Batch1_*.xlsx و گزارش فارسی همان Batch
A4: Batch 2 | B4: افزوده شدن وتجارت، رمپنا، فخوز؛ وپاسار حل نشده | C4: تطبیق مستقیم و chronology | D4: پوشش به ۱۱ شرکت | E4: Iran_BSI_Turnover_Batch2_*.xlsx و گزارش فارسی همان Batch
A5: Batch 3 | B5: افزوده شدن شستا، شپنا، وغدیر، نوری | C5: افشای نوع ۱۹ و کنترل Cutoff | D5: پوشش به ۱۵ شرکت | E5: Iran_BSI_Turnover_Batch3_*.xlsx و گزارش فارسی همان Batch
A6: Batch 4 | B6: افزوده شدن فولاد، کچاد، کگل، پارسان | C6: روستر دو سال و کنترل vacancy | D6: پوشش به ۱۹ شرکت | E6: Iran_BSI_Turnover_Batch4_*.xlsx و گزارش فارسی همان Batch
A7: Batch 5 | B7: افزوده شدن اخابر، جم، ومعادن، وامید | C7: بررسی بصری و کنترل سال مالی | D7: پوشش به ۲۳ شرکت | E7: Iran_BSI_Turnover_Batch5_*.xlsx و گزارش فارسی همان Batch
A8: Batch 6 | B8: افزوده شدن خساپا، همراه، وبملت، وبصادر | C8: تطبیق نهایی پنج شرکت باقیمانده | D8: پوشش به ۲۷ از ۲۸ | E8: Iran_BSI_Turnover_Batch6_*.xlsx و گزارش فارسی همان Batch
A9: v34 | B9: ارتقای REF05 و REF08 به مقیاس پذیری با محدودیت | C9: پوشش ۹۶٫۴٪ Turnover و پوشش کامل در ساختارهای نمایندگی تاییدشده | D9: ۱۲ Measure در ۱۰ Construct | E9: فایل های فاز مربوطه و برگه های ثبت منابع

Sheet چک لیست نهایی
A1: کنترل | B1: وضعیت | C1: توضیح | D1: منبع یا روش کنترل
A2: Exactly 30 canonical firms | B2: تایید | C2: ۳۰ ردیف در Turnover نهایی | D2: COUNT ردیف های شرکت در Turnover نهایی و تطبیق با Universe ۳۰ شرکت
A3: Turnover eligible denominator | B3: تایید | C3: 29 شرکت؛ حکشتی خارج از مخرج؛ وپاسار حل نشده (v38) | D3: COUNTIF ستون واجد شرایط Turnover در Turnover نهایی
A4: پوشش عددی گردش اعضا | B4: با محدودیت | C4: 28 از 29 (v38) | D4: COUNT نرخ های عددی گردش فردی در Turnover نهایی
A5: Missing converted to zero | B5: تایید | C5: هیچ Missing به صفر تبدیل نشده | D5: بازبینی Missingness و فرمول ها؛ سلول خالی یا N/A به صفر تبدیل نشده است
A6: Representative Change only with legal entity continuity | B6: تایید | C6: چهار شرکت فردی مستقیم N/A و وپاسار نامشخص | D6: قاعده REF08 در راهنمای محاسبات و منابع و ستون های J تا L در Turnover نهایی
A7: Vacancy treated separately | B7: تایید | C7: کچاد در مخرج فردی ۴ کرسی قابل مقایسه دارد | D7: قاعده کرسی خالی در روش محاسبه Turnover نهایی
A8: Look Ahead controlled | B8: تایید | C8: موارد گزارش سالانه با اطلاعات پس از Cutoff با Type 19 اصلاح شدند | D8: قاعده تغییر سمت در روش محاسبه Turnover نهایی
A9: Turnover and Stability same composite | B9: تایید | C9: ممنوع؛ مکمل ریاضی | D9: ثبت منابع Batchها و Source_IDها
A10: Architecture counts | B10: تایید | C10: ۱۲ Measure قابل توسعه در ۱۰ Construct | D10: فرمول های Coverage، Variation و Correlation از Turnover نهایی
A11: Ready for advisor | B11: تایید | C11: Extraction پایلوت متوقف شود | D11: مقایسه شمارش معماری به روز شده با Constructهای مستقل
A12: محاسبه CR1A v39 | B12: انجام شد | C12: ۲۷ موجود؛ ۲۶ محافظه کارانه؛ سه نامشخص و یک تعارض | D12: CR1A v39
... A14: کنترل فرمول و ذخیره نتیجه | B14: انجام شد | C14: فرمول ها بازمحاسبه و نتیجه ذخیره شد؛ خطای محاسباتی صفر. موارد دارای ورودی متنی تاریخی همچنان با پرچم باز هستند. | D14: QA v39

Sheet تغییرات ممیزی v36
A1: تغییرات ممیزی v36
A2: فقط اصلاحات تاییدشده با منبع اعمال شد؛ v35 اصلی دست‌نخورده است.
A3: برگه | B3: مورد | C3: تغییر | D3: شاهد
A4: Turnover نهایی | B4: خودرو G,S,P | C4: 0,5,0 → 1,4,1 | D4: SRC_IKCO_1404_001_original ص۵۳
A5: Turnover نهایی | B5: خودرو J,K,M,N | C5: 0,5,0,5 → Missing | D5: عدم تایید؛ Missing به صفر تبدیل نشد
A6: Turnover نهایی | B6: فارس K,N | C6: 4 → 5 | D6: SRC_FARS_1404_010 ص۴۲
A7: جدول استاد / معماری | B7: تعداد دارای داده | C7: S1A 28، VAR06 27، CR1A 23، AUD01 23، AUD02 11، IRN01/02 29، SEP07 26، REF08 22 | D7: Audit v36
A8: جدول استاد / معماری | B8: ستون جدید | C8: وضعیت و یادداشت ممیزی v36 | D8: Audit v36
A9: خلاصه نهایی | B9: متن REF08 | C9: ۲۳ → ۲۲ مشاهده | D9: —
A10: تاپیکو،کچاد،پارسان،وتجارت،جم،خساپا | B10: علامت | C10: NEEDS_SOURCE_REVIEW بدون تغییر عدد | D10: Audit v36 Conflict Log
A11: Candidateهای جدید | B11: وضعیت | C11: وارد Composite نشدند؛ فقط در فایل Candidates | D11: —

Sheet خلاصه ممیزی
A1: خلاصه ممیزی مستقل v35 (Iran BSI)
A3: شاخص | B3: مقدار | C3: توضیح
A4: تعداد شرکت‌ها | B4: =COUNTA('Audit شرکت ها'!B4:B33) -> 30 | C4: باید ۳۰ باشد
A5: شرکت‌های یکتا | B5: ='CR1A v39'!B49 -> 30 | C5: بدون تکرار
A6: Measure ممیزی‌شده | B6: =COUNTA('Audit Measureها'!A4:A18) -> 15 | C6: ۱۲ اصلی + ۳ Robustness
A7: VERIFIED کامل | B7: =COUNTIF('Audit Measureها'!D4:D18,"VERIFIED") -> 0
A8: VERIFIED_WITH_LIMITATION | B8: =COUNTIF('Audit Measureها'!D4:D18,"VERIFIED_WITH_LIMITATION") -> 8
A9: NEEDS_CORRECTION | B9: =COUNTIF('Audit Measureها'!D4:D18,"NEEDS_CORRECTION") -> 5
A10: NEEDS_SOURCE_REVIEW | B10: =COUNTIF('Audit Measureها'!D4:D18,"NEEDS_SOURCE_REVIEW") -> 2
A11: Source Gaps | B11: =COUNTIF('Audit منابع'!I4:I33,"SOURCE_GAP") -> 9 | C11: شرکت بدون Source_URL
A12: Formula Errors (cached scan v35) | B12: 0 | C12: ۲۸۳ فرمول؛ بدون #REF!/#DIV/0!/#VALUE!/#NAME?/#N/A
A13: Cross Sheet Inconsistencies | B13: =COUNTA('Conflict Log'!A4:A25) -> 22 | C13: تعداد ردیف‌های Conflict Log
A14: نقض هویت S=H−G | B14: =COUNTIF('Audit Turnover'!L4:L33,"FAIL") -> 0
A15: نقض هویت K=N−M | B15: =COUNTIF('Audit Turnover'!N4:N33,"FAIL") -> 1
A16: نقض P≥G | B16: =COUNTIF('Audit Turnover'!O4:O33,"FAIL") -> 3
A17: AUD01 پوشش ممیزی (X/30) | B17: ='Audit Coverage'!F9 -> 23
A18: REF05 پوشش ممیزی (X/eligible) | B18: ='Audit Coverage'!H14 -> 0.96428571
A19: حکم ممیزی | B19: V35_REQUIRES_MATERIAL_CORRECTIONS | C19: اصلاح عددی خودرو/فارس و شش اصلاح پوشش

Sheet Audit Workbook
A1: ممیزی سطح Workbook
A2: بررسی ساختار و سازگاری بین‌برگه‌ای v35 (فایل اصلی دست‌نخورده).
A3: بررسی | B3: نتیجه | C3: شاهد | D3: وضعیت
A4: تعداد برگه‌های v35 | B4: 15 | C4: بله | D4: OK
A5: دقیقا ۳۰ شرکت | B5: 30 | C5: Turnover نهایی ردیف ۴–۳۳ | D5: OK
A6: تکرار شرکت/شرکت-سال | B6: 0 | C6: یکتا | D6: OK
A7: ناسازگاری Summary و Raw (S1A, VAR06, CR1A, SEP07, AUD01/02, IRN, REF08) | B7: 9 | C7: Conflict Log C01–C07,C22 | D7: FAIL
A8: Advisor Table در برابر Specialist Sheets | B8: ناسازگار | C8: AUD02 Scale-Up vs Robustness؛ IRN02 مکمل | D8: FAIL
A9: Coverage در برابر Firm Data | B9: ناسازگار برای خودرو/فارس | C9: Conflict Log C08/C09 | D9: FAIL
A10: Variation در برابر Raw | B10: ناسازگار برای SEP07 | C10: Variation صفر | D10: FAIL
A11: Candidate Decisions در برابر Architecture | B11: شمارش ۱۲ Measure در ۱۰ Construct دوبارشماری دارد | C11: IRN01/IRN02 | D11: FAIL
A12: خطای فرمول | B12: 0 | C12: Cached values | D12: OK

Sheet Audit شرکت ها
A1: ممیزی ۳۰ شرکت
A2: Universe دقیقا ۳۰ شرکت؛ بدون تکرار شرکت. وضعیت ممیزی بر پایه آزمون هویت‌های ریاضی و بررسی منبع.
A3: # | B3: شرکت | C3: گروه منبع v35 | D3: کیفیت شواهد v35 | E3: روش شواهد | F3: پایان سال مالی | G3: Source_URL موجود | H3: Source_ID | I3: وضعیت ممیزی | J3: یادداشت
A4: 1 | B4: فملی | C4: پایه v33 | D4: بالا | E4: DIRECT_ROSTER_COMPARISON | F4: 12/29 | G4: خیر | H4: Iran_BSI_v33_Phase4_2K_FinalTurnoverClosure.xlsx | برگه های | I4: VERIFIED_WITH_LIMITATION
A5: 2 | B5: تاپیکو | C5: پایه v33 | D5: متوسط | E5: DIRECT_ROSTER_COMPARISON | F5: 02/31 | G5: خیر | H5: Iran_BSI_v33_Phase4_2K_FinalTurnoverClosure.xlsx | برگه های | I5: NEEDS_SOURCE_REVIEW | J5: RISK: ≥3 عضو پس از Cutoff FY1403؛ Snapshot FY1403 ناهمتراز
A6: 3 | B6: فارس | C6: پایه v33 | D6: بالا | E6: DIRECT_ROSTER_COMPARISON | F6: 03/31 | G6: خیر | H6: Iran_BSI_v33_Phase4_2K_FinalTurnoverClosure.xlsx | برگه های | I6: NEEDS_CORRECTION | J6: اصلاح عددی بر اساس سند منبع (Audit Conflict Log)
A7: 4 | B7: خودرو | C7: پایه v33 | D7: متوسط | E7: MEMBERSHIP_START_RECONSTRUCTION | F7: 12/29 | G7: خیر | H7: Iran_BSI_v33_Phase4_2K_FinalTurnoverClosure.xlsx | روش MEMBE | I7: NEEDS_CORRECTION | J7: اصلاح عددی بر اساس سند منبع (Audit Conflict Log)
A8: 5 | B8: زاگرس | C8: پایه v33 | D8: بالا | E8: DIRECT_ROSTER_COMPARISON | F8: 12/29 | G8: خیر | H8: SRC_ZGRS_1404_002 (p.26, FY1403) و SRC_ZGRS_1404_001 (p.26, | I8: NEEDS_SOURCE_REVIEW | J8: ناسازگاری هویت: Q≠H
A9: 6 | B9: شبندر | C9: Batch 1 | D9: متوسط | E9: MULTI_SOURCE_ROSTER_COMPARISON | F9: 12/29 | G9: بله | H9: SRC_SHBN_1404_007 | T19 اصلاحیه | جلسه هیئت مدیره ۱۴۰۳/۱۲/۲۷ | I9: VERIFIED_WITH_LIMITATION
A10: 7 | B10: پارس | C10: Batch 1 | D10: متوسط | E10: TYPE19_CHRONOLOGY | F10: 12/29 | G10: بله | H10: SRC_PARS_1404_008 | T19 | جلسه هیئت مدیره ۱۴۰۴/۰۱/۳۰ | صفحه | I10: VERIFIED_WITH_LIMITATION
A11: 8 | B11: شتران | C11: Batch 1 | D11: بالا | E11: DIRECT_ROSTER_COMPARISON | F11: 12/29 | G11: بله | H11: SRC_SHTR_1403_001 | گزارش فعالیت هیئت مدیره | دوره منتهی به | I11: VERIFIED_WITH_LIMITATION
A12: 9 | B12: وتجارت | C12: Batch 2 | D12: بالا | E12: DIRECT_ROSTER_COMPARISON_WITH_BOARD_SIZE_CHANGE | F12: 12/29 | G12: خیر | H12: SRC_VTEJ_1404_004 | گزارش فعالیت هیئت مدیره مربوط به سال مال | I12: NEEDS_SOURCE_REVIEW | J12: ناسازگاری هویت: Q≠H، P<G
A13: 10 | B13: رمپنا | C13: Batch 2 | D13: متوسط | E13: TYPE19_CHRONOLOGY | F13: 12/29 | G13: بله | H13: SRC_RMPN_1404_011 | افشای نوع ۱۹، جلسه هیئت مدیره ۱۴۰۴/۰۲/۲۱ | I13: VERIFIED_WITH_LIMITATION
A14: 11 | B14: فخوز | C14: Batch 2 | D14: بالا | E14: MULTI_SOURCE_RECONCILIATION | F14: 12/29 | G14: خیر | H14: SRC_FKHZ_1404_002 | گزارش فعالیت هیئت مدیره منتهی به ۱۴۰۳/۱۲ | I14: VERIFIED_WITH_LIMITATION
A15: 12 | B15: شستا | C15: Batch 3 | D15: بالا | E15: DIRECT_TYPE19_COMPARISON | F15: 03/31 | G15: بله | H15: SRC_SHST_1404_015 | افشای نوع ۱۹ | ۱۴۰۳ | ۱ | Snapshot مبنا | I15: VERIFIED_WITH_LIMITATION
A16: 13 | B16: شپنا | C16: Batch 3 | D16: بالا | E16: DIRECT_TYPE19_COMPARISON | F16: 12/29 | G16: بله | H16: SRC_SHPN_1404_002 | افشای نوع ۱۹ | ۱۴۰۳ | ۱ | Snapshot مبنا | I16: VERIFIED_WITH_LIMITATION
A17: 14 | B17: وغدیر | C17: Batch 3 | D17: بالا | E17: DIRECT_TYPE19_COMPARISON | F17: 09/30 | G17: بله | H17: SRC_VGHD_1404_002 | افشای نوع ۱۹ | ۱۴۰۳ | ۱ | Snapshot مبنا | I17: VERIFIED_WITH_LIMITATION
A18: 15 | B18: نوری | C18: Batch 3 | D18: متوسط رو به بالا | E18: ANNUAL_REPORT_PLUS_TYPE19 | F18: 12/29 | G18: بله | H18: SRC_NOURI_1403_001 | گزارش فعالیت هیئت مدیره | ۱۴۰۳ | ۳۹ | S | I18: VERIFIED_WITH_LIMITATION
A19: 16 | B19: فولاد | C19: Batch 4 | D19: بالا | E19: DIRECT_ANNUAL_REPORT_COMPARISON | F19: 12/29 | G19: بله | H19: SRC_FOLD_1403_001 | گزارش فعالیت هیئت مدیره | ۱۴۰۳ | ۴ | Sna | I19: VERIFIED_WITH_LIMITATION
A20: 17 | B20: کچاد | C20: Batch 4 | D20: بالا | E20: ANNUAL_REPORT_PLUS_TYPE19 | F20: 12/29 | G20: بله | H20: SRC_KCHD_1403_001 | گزارش فعالیت هیئت مدیره | ۱۴۰۳ | ۴ | Sna | I20: NEEDS_SOURCE_REVIEW | J20: ناسازگاری هویت: K≠N−M، Q≠H، P>0 با G=0
A21: 18 | B21: کگل | C21: Batch 4 | D21: بالا | E21: DIRECT_TYPE19_COMPARISON | F21: 12/29 | G21: بله | H21: SRC_KGOL_1404_002 | افشای نوع ۱۹ | ۱۴۰۳ | ۱ | Snapshot مبنا | I21: VERIFIED_WITH_LIMITATION
A22: 19 | B22: پارسان | C22: Batch 4 | D22: بالا | E22: DIRECT_ANNUAL_REPORT_COMPARISON | F22: 06/31 | G22: بله | H22: SRC_PRSN_1403_001 | گزارش فعالیت هیئت مدیره | ۱۴۰۳ | ۵۰ | Sn | I22: NEEDS_SOURCE_REVIEW | J22: ناسازگاری هویت: Q≠H، P>0 با G=0
A23: 20 | B23: اخابر | C23: Batch 5 | D23: بالا | E23: VISUAL_PLUS_TYPE19_RECONCILIATION | F23: 12/29 | G23: بله | H23: SRC_AKHB_1404_002 | گزارش فعالیت هیئت مدیره | ۱۴۰۳ | ۹۳ تا ۹ | I23: VERIFIED_WITH_LIMITATION
A24: 21 | B24: جم | C24: Batch 5 | D24: بالا | E24: ANNUAL_REPORT_PLUS_TYPE19 | F24: 12/29 | G24: بله | H24: SRC_JAM_1404_002 | گزارش فعالیت هیئت مدیره | ۱۴۰۳ | ۳۵ | Sna | I24: NEEDS_SOURCE_REVIEW | J24: ناسازگاری هویت: P<G
A25: 22 | B25: ومعادن | C25: Batch 5 | D25: بالا | E25: DIRECT_REPORT_PLUS_TYPE19 | F25: 12/29 | G25: بله | H25: SRC_VMDN_1404_002 | گزارش فعالیت هیئت مدیره | ۱۴۰۳ | ۴۰ | Sn | I25: VERIFIED_WITH_LIMITATION
A26: 23 | B26: وامید | C26: Batch 5 | D26: بالا | E26: DIRECT_FISCAL_YEAR_COMPARISON | F26: 10/30 | G26: بله | H26: SRC_VAMD_1404_002 | گزارش فعالیت هیئت مدیره | ۱۴۰۳ | ۶۹ | Sn | I26: VERIFIED_WITH_LIMITATION
A27: 24 | B27: خساپا | C27: Batch 6 | D27: بالا | E27: DIRECT_TYPE19_COMPARISON | F27: 12/29 | G27: بله | H27: SRC_KHSP_1404_002 | افشای نوع ۱۹ | ۱۴۰۳ | ۱ | Snapshot مبنا | I27: NEEDS_SOURCE_REVIEW | J27: ناسازگاری هویت: P<G
A28: 25 | B28: همراه | C28: Batch 6 | D28: بالا | E28: DIRECT_ANNUAL_REPORT_PLUS_TYPE19 | F28: 12/29 | G28: بله | H28: SRC_HMRH_1404_002 | گزارش فعالیت هیئت مدیره | ۱۴۰۳ | ۵ | Sna | I28: VERIFIED_WITH_LIMITATION
A29: 26 | B29: وبملت | C29: Batch 6 | D29: بالا | E29: DIRECT_TYPE19_COMPARISON | F29: 12/29 | G29: بله | H29: SRC_MELT_1404_006 | افشای نوع ۱۹ | ۱۴۰۳ | ۱ | Snapshot اشخاص | I29: VERIFIED_WITH_LIMITATION
A30: 27 | B30: وبصادر | C30: Batch 6 | D30: بالا | E30: DIRECT_ANNUAL_REPORT_COMPARISON | F30: 12/29 | G30: بله | H30: SRC_VBSD_1404_002 | گزارش فعالیت هیئت مدیره | ۱۴۰۳ | ۳۸ تا ۳ | I30: VERIFIED_WITH_LIMITATION
A31: 28 | B31: وپاسار | C31: Batch 6 | D31: حل نشده | E31: ARCHIVE_AVAILABILITY_CHECK | F31: 12/29 | G31: بله | H31: SRC_VPSR_1404_001 | گزارش فعالیت هیئت مدیره منتهی به ۱۴۰۳/۱۲ | I31: NEEDS_SOURCE_REVIEW | J31: Turnover حل‌نشده؛ هیچ مقداری حدس زده نشده
A32: 29 | B32: حکشتی | C32: خارج از مخرج | D32: محدودیت ساختاری | E32: SEAT_LEVEL_ONLY | F32: 12/29 | G32: خیر | H32: Iran_BSI_v33_Phase4_2K_FinalTurnoverClosure.xlsx | شرکت های | I32: VERIFIED_WITH_LIMITATION | J32: خارج از مخرج Turnover؛ N/A صحیح بر پایه v35
A33: 30 | B33: شپدیس | C33: خارج از مخرج | D33: محدودیت داده | E33: MISSING_PRIOR_YEAR | F33: 12/29 | G33: خیر | H33: Iran_BSI_v33_Phase4_2K_FinalTurnoverClosure.xlsx | وضعیت ۳۰ | I33: VERIFIED_WITH_LIMITATION | J33: خارج از مخرج Turnover؛ N/A صحیح بر پایه v35

Sheet Audit Measureها
A1: ممیزی ۱۵ Measure (۱۲ اصلی + ۳ Robustness)
A2: وضعیت ممیزی بر پایه بازتولید از داده خام v22/v25/v29/v31 و منابع PDF. DO_NOT_COMBINE برای ROB_STABILITY طبقه Redundancy است.
A3: Measure | B3: نام | C3: سازه | D3: وضعیت ممیزی | E3: نقش پیشنهادی | F3: Directionality | G3: محدودیت اصلی | H3: منبع بازتولید | I3: یادداشت منبع
A4: S1A | B4: پروکسی استقلال ساختاری | C4: استقلال ساختاری | D4: VERIFIED_WITH_LIMITATION | E4: SCALE_UP_PRIMARY | F4: CONTEXT_DEPENDENT | G4: پروکسی است، نه استقلال صریح؛ ۲ شرکت Duty_Status افشا نشده | H4: v22 Canonical Board Members (Duty_Status) | I4: Source_ID در Audit منابع؛ مقدار per-firm غیرتوروور در v35 hardcode است
A5: V1 | B5: تنوع رشته تحصیلی | C5: تنوع تحصیلی | D5: VERIFIED_WITH_LIMITATION | E5: SCALE_UP_PRIMARY | F5: POSITIVE_DIRECTION | G5: Blau حساس به اندازه هیئت (N≈5) | H5: v22 Education_Field_Harmonized | I5: Source_ID در Audit منابع؛ مقدار per-firm غیرتوروور در v35 hardcode است
A6: VAR06_Strict | B6: تنوع سابقه حرفه‌ای (Strict) | C6: تنوع حرفه‌ای | D6: NEEDS_CORRECTION | E6: SCALE_UP_WITH_LIMITATION | F6: POSITIVE_DIRECTION | G6: پوشش ۲۷ نه ۲۸؛ ۲۶ عضو UNCLASSIFIED؛ بار قضاوت انسانی | H6: v25 Professional Background Strict | I6: Source_ID در Audit منابع؛ مقدار per-firm غیرتوروور در v35 hardcode است
A7: VAR10 | B7: تخصص مالی مستند | C7: تخصص | D7: VERIFIED_WITH_LIMITATION | E7: SCALE_UP_WITH_LIMITATION | F7: POSITIVE_DIRECTION | G7: همپوشانی با سابقه حرفه‌ای/تحصیلی | H7: v25 Financial Expertise | I7: Source_ID در Audit منابع؛ مقدار per-firm غیرتوروور در v35 hardcode است
A8: CR1A | B8: تغییر رئیس هیئت‌مدیره | C8: ثبات رهبری | D8: NEEDS_SOURCE_REVIEW | E8: CONTROL_DIAGNOSTIC | F8: NO_CLEAR_DIRECTION | G8: ۲۶ از ۳۰ بدون تعارض باز ثبت شده؛ ۲۷ کد خام؛ یک تعارض فملی و سه نامشخص | H8: CR1A v39؛ ستون V فایل v38 و بازسازی سطح کرسی | I8: بازمحاسبه v39 انجام شد؛ اعتبار شواهد قبلی با محدودیت حفظ شده و بازخوانی مستقل همه منابع ادعا نمی شود.
A9: AUD01 | B9: وجود کمیته حسابرسی | C9: نظارت | D9: NEEDS_CORRECTION | E9: SCALE_UP_WITH_LIMITATION | F9: POSITIVE_DIRECTION | G9: ۲۲→۲۳؛ ۶ شرکت Keyword Hit نیازمند بازبینی صفحه | H9: v31 AC_EXISTENCE_30 + norm_scan | I9: Source_ID در Audit منابع؛ مقدار per-firm غیرتوروور در v35 hardcode است
A10: AUD02 | B10: اندازه کمیته حسابرسی | C10: نظارت | D10: NEEDS_CORRECTION | E10: ROBUSTNESS_ONLY | F10: NONLINEAR_POSSIBLE | G10: ۱۱ نه ۱۵ اندازه دقیق | H10: v31 AC_ROSTER | I10: Source_ID در Audit منابع؛ مقدار per-firm غیرتوروور در v35 hardcode است
A11: IRN01 | B11: سهم کرسی حقوقی | C11: ساختار نمایندگی | D11: VERIFIED_WITH_LIMITATION | E11: STRUCTURAL_GOVERNANCE_MEASURE | F11: NO_CLEAR_DIRECTION | G11: تقریبا Dummy بانکی (وبصادر/وبملت/وتجارت) | H11: v22 Legal_Entity_Represented | I11: Source_ID در Audit منابع؛ مقدار per-firm غیرتوروور در v35 hardcode است
A12: IRN02 | B12: سهم کرسی حقیقی | C12: ساختار نمایندگی | D12: VERIFIED_WITH_LIMITATION | E12: ROBUSTNESS_ONLY | F12: NO_CLEAR_DIRECTION | G12: مکمل دقیق IRN01 (IRN01+IRN02=1) | H12: v22 | I12: Source_ID در Audit منابع؛ مقدار per-firm غیرتوروور در v35 hardcode است
A13: SEP07 | B13: تفکیک CEO و Chair | C13: تفکیک رهبری | D13: NEEDS_CORRECTION | E13: CONTROL_DIAGNOSTIC | F13: POSITIVE_DIRECTION | G13: Variation صفر در ۲۶ شناخته‌شده؛ برابر S3 از v22 | H13: v22 Chair_Flag/CEO_Flag | I13: Source_ID در Audit منابع؛ مقدار per-firm غیرتوروور در v35 hardcode است
A14: REF05 | B14: نرخ گردش شخص حقیقی | C14: تجدید و گردش | D14: NEEDS_CORRECTION | E14: SCALE_UP_WITH_LIMITATION | F14: CONTEXT_DEPENDENT | G14: خودرو ۱/۵ نه ۰/۵؛ جهت غیرخطی | H14: Turnover نهایی G/H | I14: Source_ID در Audit منابع؛ مقدار per-firm غیرتوروور در v35 hardcode است
... A18: ROB_STABILITY | B18: Board Stability | C18: استحکام | D18: VERIFIED_WITH_LIMITATION | E18: DO_NOT_COMBINE | F18: CONTEXT_DEPENDENT | G18: مکمل ریاضی Turnover (r=−1) | H18: Turnover نهایی S/T | I18: Source_ID در Audit منابع؛ مقدار per-firm غیرتوروور در v35 hardcode است

Sheet Audit فرمول ها
A1: ممیزی فرمول‌ها: صورت، مخرج، واجد شرایط بودن، قاعده Missing
A2: برای هر Measure فعال: فرمول، صورت، مخرج، شرط واجدیت، قاعده Missing، جهت‌دهی و منبع.
A3: Measure | B3: Formula | C3: Numerator | D3: Denominator | E3: Eligibility | F3: Missing rule | G3: Directionality | H3: Identity / Check | I3: وضعیت ممیزی | J3: Source
A4: REF05 Natural Person Turnover Rate | B4: G/H | C4: G=کرسی‌هایی که شخص حقیقی در FY1404 نسبت به Cutoff FY1403 تغییر کرده | D4: H=کرسی‌های قابل مقایسه در هر دو Snapshot | E4: هر دو Snapshot کامل و هویت روشن | F4: Missing ⇒ خالی (نه صفر) | G4: CONTEXT_DEPENDENT | H4: Role-only change ≠ turnover؛ کرسی خالی ≠ تغییر | I4: VERIFIED_WITH_LIMITATION | J4: Iran_BSI_v35 | راهنمای محاسبات و منابع
A5: REF08 Representative Change With Fixed Legal Entity | B5: J/K | C5: J=کرسی‌هایی که شخص حقوقی ثابت و نماینده تغییر کرد | D5: K=کرسی‌هایی با شخص حقوقی ثابت در هر دو Snapshot | E5: ساختار شخص حقوقی قابل اعمال | F5: نبود شخص حقوقی ⇒ NOT_APPLICABLE | G5: NO_CLEAR_DIRECTION | H5: J≤G | I5: NEEDS_SOURCE_REVIEW | J5: Iran_BSI_v35 | راهنمای محاسبات و منابع
A6: Representative Change Rate (کلی) | B6: J/K | C6: همان REF08 | D6: همان | E6: همان | F6: همان | G6: NO_CLEAR_DIRECTION | H6: مترادف REF08 در v35 | I6: VERIFIED_WITH_LIMITATION | J6: Iran_BSI_v35 | راهنمای محاسبات و منابع
A7: Legal Entity Change Rate | B7: M/N | C7: M=کرسی‌هایی که شخص حقوقی صاحب کرسی عوض شد | D7: N=کرسی‌های دارای شخص حقوقی | E7: ساختار حقوقی قابل اعمال | F7: N/A نه صفر | G7: NO_CLEAR_DIRECTION | H7: K=N−M | I7: VERIFIED_WITH_LIMITATION | J7: Iran_BSI_v35 | راهنمای محاسبات و منابع
A8: New Member Share | B8: P/Q | C8: P=اعضای FY1404 که در Snapshot FY1403 نبودند | D8: Q=اندازه هیئت FY1404 | E8: روستر FY1404 کامل | F8: Missing ⇒ خالی | G8: CONTEXT_DEPENDENT | H8: P≥G (۵ نقض) | I8: VERIFIED_WITH_LIMITATION | J8: Iran_BSI_v35 | راهنمای محاسبات و منابع
A9: Board Stability | B9: S/T = 1−Turnover | C9: S=H−G | D9: T=H | E9: مانند Turnover | F9: مانند Turnover | G9: CONTEXT_DEPENDENT | H9: S=H−G برقرار در همه ۲۷ | I9: VERIFIED_WITH_LIMITATION | J9: Iran_BSI_v35 | راهنمای محاسبات و منابع
A10: Chair Change CR1A | B10: indicator(Chair_FY1404≠Chair_FY1403 در پنجره مشترک) | C10: تغییر=1 | D10: شرکت‌های دارای هویت رئیس در هر دو نقطه | E10: زنجیره زمانی رئیس | F10: ناشناخته ⇒ Missing | G10: NO_CLEAR_DIRECTION | H10: تعارض تاپیکو و کچاد با بازسازی v38 رفع شد؛ تعارض فملی باز است؛ حساسیت جم به تاریخ انتشار حفظ شد. | I10: CALCULATION_UPDATED_SOURCE_REVIEW_OPEN | J10: CR1A v39؛ مقایسه نام رئیس و لینک مستقیم به ورودی v38
A11: Education Diversity V1 | B11: 1−Σp² | C11: p=سهم هر رشته هماهنگ‌شده | D11: اندازه هیئت با رشته معلوم | E11: حداقل ۲ عضو با رشته معلوم | F11: COULD_NOT_VERIFY ⇒ خالی | G11: POSITIVE_DIRECTION | H11: Blau خام؛ Normalized فقط Robustness | I11: VERIFIED_WITH_LIMITATION | J11: Iran_BSI_v35 | راهنمای محاسبات و منابع
A12: Professional Background Diversity VAR06_Strict | B12: 1−Σp² روی گروه‌های Strict | C12: p=سهم گروه سابقه Strict | D12: اعضای با گروه Strict غیر-UNCLASSIFIED | E12: حداقل ۲ عضو طبقه‌بندی‌شده | F12: UNCLASSIFIED حذف از مخرج | G12: POSITIVE_DIRECTION | H12: خودرو None | I12: NEEDS_CORRECTION | J12: Iran_BSI_v35 | راهنمای محاسبات و منابع
A13: Financial Expertise Share VAR10 | B13: FinExp/N | C13: FinExp=اعضای با تخصص مالی مستند | D13: N=اعضای با مدرک/سابقه معلوم | E13: شواهد تحصیل/سابقه | F13: مدرک ناشناخته ⇒ خالی | G13: POSITIVE_DIRECTION | H13: همپوشانی با V1/VAR06 | I13: VERIFIED_WITH_LIMITATION | J13: Iran_BSI_v35 | راهنمای محاسبات و منابع
A14: Structural Independence Proxy S1A | B14: NonExec/N | C14: NonExec=اعضای غیرموظف | D14: N=اعضای با Duty_Status معلوم | E14: Duty_Status افشا شده | F14: NOT_DISCLOSED ⇒ خارج از مخرج | G14: CONTEXT_DEPENDENT | H14: پروکسی؛ نه استقلال صریح | I14: VERIFIED_WITH_LIMITATION | J14: Iran_BSI_v35 | راهنمای محاسبات و منابع
... A18: SEP07 CEO–Chair Separation | B18: indicator(Chair≠CEO) | C18: 1 اگر جدا | D18: شرکت‌های با هر دو نقش مشخص | E18: روستر | F18: ناشناخته ⇒ خالی | G18: POSITIVE_DIRECTION | H18: Variation صفر | I18: NEEDS_CORRECTION | J18: Iran_BSI_v35 | راهنمای محاسبات و منابع

Sheet Audit منابع
A1: ممیزی منابع (Source_ID / URL / Evidence_Method)
A2: قاعده: بدون Source ⇒ VERIFIED نیست. ۹ شرکت در Turnover نهایی URL ندارند؛ برای ۴ شرکت پایه (فملی/تاپیکو/فارس/خودرو) ردیف رجیستری وجود ندارد.
A3: شرکت | B3: Source_ID | C3: Document | D3: Fiscal_Year | E3: ثبت منبع | F3: Source_URL | G3: Evidence_Method | H3: Evidence_Quality v35 | I3: Gap | J3: وضعیت
A4: فملی | B4: Iran_BSI_v33_Phase4_2K_FinalTurnoverClosure.xlsx | برگه های گردش اشخاص حقیقی، تغییر نماینده، تغییر شخص حقوقی، اعضای جدید، ثبات هیئت و تغییر رئیس | C4: Codal (ن-۴۵ / ن-۱۱ / گزارش سالانه) | D4: FY1403/FY1404 | E4: فقط ارجاع v33؛ بدون ردیف رجیستری | F4: — | G4: DIRECT_ROSTER_COMPARISON | H4: بالا | I4: SOURCE_GAP | J4: NEEDS_SOURCE_REVIEW
A5: تاپیکو | B5: Iran_BSI_v33_Phase4_2K_FinalTurnoverClosure.xlsx | برگه های گردش اشخاص حقیقی، تغییر نماینده، تغییر شخص حقوقی، اعضای جدید، ثبات هیئت و تغییر رئیس | C5: Codal (ن-۴۵ / ن-۱۱ / گزارش سالانه) | D5: FY1403/FY1404 | E5: فقط ارجاع v33؛ بدون ردیف رجیستری | F5: — | G5: DIRECT_ROSTER_COMPARISON | H5: متوسط | I5: SOURCE_GAP | J5: NEEDS_SOURCE_REVIEW
A6: فارس | B6: Iran_BSI_v33_Phase4_2K_FinalTurnoverClosure.xlsx | برگه های گردش اشخاص حقیقی، تغییر نماینده، تغییر شخص حقوقی، اعضای جدید، ثبات هیئت و تغییر رئیس | تایید تکمیلی در Iran_BSI_v31_Phase4_2I_MaximumMeasureRecovery.xlsx، شواهد خام | C6: Codal (ن-۴۵ / ن-۱۱ / گزارش سالانه) | D6: FY1403/FY1404 | E6: فقط ارجاع v33؛ بدون ردیف رجیستری | F6: — | G6: DIRECT_ROSTER_COMPARISON | H6: بالا | I6: SOURCE_GAP | J6: NEEDS_SOURCE_REVIEW
A7: خودرو | B7: Iran_BSI_v33_Phase4_2K_FinalTurnoverClosure.xlsx | روش MEMBERSHIP_START_RECONSTRUCTION و برگه های خانواده Turnover | C7: Codal (ن-۴۵ / ن-۱۱ / گزارش سالانه) | D7: FY1403/FY1404 | E7: فقط ارجاع v33؛ بدون ردیف رجیستری | F7: — | G7: MEMBERSHIP_START_RECONSTRUCTION | H7: متوسط | I7: SOURCE_GAP | J7: NEEDS_SOURCE_REVIEW
A8: زاگرس | B8: SRC_ZGRS_1404_002 (p.26, FY1403) و SRC_ZGRS_1404_001 (p.26, FY1404) | بازخوانی کامل این فاز؛ بدون دانلود جدید Iran_BSI_v33_Phase4_2K_FinalTurnoverClosure.xlsx | تطبیق کرسی ها و شواهد خام | SRC_ZGRS_1404_002 و SRC_ZGRS_1404_001، صفحه ۲۶ | C8: Codal (ن-۴۵ / ن-۱۱ / گزارش سالانه) | D8: FY1403/FY1404 | E8: فقط ارجاع v33؛ بدون ردیف رجیستری | F8: — | G8: DIRECT_ROSTER_COMPARISON | H8: بالا | I8: SOURCE_GAP | J8: NEEDS_SOURCE_REVIEW
A9: شبندر | B9: SRC_SHBN_1404_007 | T19 اصلاحیه | جلسه هیئت مدیره ۱۴۰۳/۱۲/۲۷ | صفحه ۱ | Roster مستقیم ۱۴۰۳ SRC_SHBN_1404_003 | T19 | جلسه هیئت مدیره ۱۴۰۴/۱۰/۱۸ | صفحه ۱ | Roster مستقیم ۱۴۰۴ SRC_SHBN_1404_001 (p.55-56 کمیته حسابرسی، p.82-84 روستر هیئت‌مدیره) | بازخوانی جزئی این فاز با الگوی جستجوی عربی؛ بدون دانلود جدید | C9: Codal (ن-۴۵ / ن-۱۱ / گزارش سالانه) | D9: FY1403/FY1404 | E9: ثبت در ثبت منابع Batchها | F9: https://www.codal.ir/Reports/Decision.aspx?LetterSerial=ULk65ZOHpAkFOOObOOOb3pLpblJQ%3d%3d&rt=0&let=19&ct=0&ft=-1 https://www.codal.ir/Reports/Decision.aspx?LetterSerial=kealwqnfPYdWwbR3UB9uZw%3d%3d&rt=0&let=19&ct=0&ft=-1 | G9: MULTI_SOURCE_ROSTER_COMPARISON | H9: متوسط | I9: OK | J9: VERIFIED
A10: پارس | B10: SRC_PARS_1404_008 | T19 | جلسه هیئت مدیره ۱۴۰۴/۰۱/۳۰ | صفحه ۱ | ستون نماینده قبلی برای بازسازی وضعیت نزدیک پایان ۱۴۰۳ SRC_PARS_1404_005 | T19 | جلسه هیئت مدیره ۱۴۰۴/۰۷/۲۶ | صفحه ۱ | آخرین Snapshot تاییدشده پیش از Cutoff ۱۴۰۴ در آرشیو | C10: Codal (ن-۴۵ / ن-۱۱ / گزارش سالانه) | D10: FY1403/FY1404 | E10: ثبت در ثبت منابع Batchها | F10: https://www.codal.ir/Reports/Decision.aspx?LetterSerial=sjHofZygVLXICVj8iXL3Aw%3d%3d&rt=0&let=19&ct=0&ft=-1 https://www.codal.ir/Reports/Decision.aspx?LetterSerial=1kqm2T6e5zV5EQQQaQQQKdlIj9HA%3d%3d&rt=0&let=19&ct=0&ft=-1 | G10: TYPE19_CHRONOLOGY | H10: متوسط | I10: OK | J10: VERIFIED
A11: شتران | B11: SRC_SHTR_1403_001 | گزارش فعالیت هیئت مدیره | دوره منتهی به ۱۴۰۳/۱۲/۳۰ | PDF صفحه ۱۶، چاپی ۱۴ | Roster مستقیم ۱۴۰۳ SRC_SHTR_1404_002 | گزارش فعالیت هیئت مدیره | دوره منتهی به ۱۴۰۴/۱۲/۲۹ | PDF صفحه ۱۷، چاپی ۱۵ | Roster مستقیم ۱۴۰۴ | C11: Codal (ن-۴۵ / ن-۱۱ / گزارش سالانه) | D11: FY1403/FY1404 | E11: ثبت در ثبت منابع Batchها | F11: https://www.codal.ir/Reports/Attachment.aspx?LetterSerial=W3P2HVjIaDXFbdMemqSeUA%3d%3d https://www.codal.ir/Reports/Attachment.aspx?LetterSerial=F0veQQQaQQQX4tai7nAftHYyrDhg%3d%3d | G11: DIRECT_ROSTER_COMPARISON | H11: بالا | I11: OK | J11: VERIFIED
A12: وتجارت | B12: SRC_VTEJ_1404_004 | گزارش فعالیت هیئت مدیره مربوط به سال مالی ۱۴۰۳ | ۱۴۰۳ | صفحه ۳۷ | منبع جایگزین سالم که در v33 ثبت شده بود SRC_VTEJ_1404_001 | گزارش فعالیت هیئت مدیره مربوط به سال مالی ۱۴۰۴ | ۱۴۰۴ | صفحات ۴۴، ۴۶ و ۴۷ | ترکیب هیئت در تاریخ ۱۴۰۴/۱۲/۲۹ | C12: Codal (ن-۴۵ / ن-۱۱ / گزارش سالانه) | D12: FY1403/FY1404 | E12: فقط ارجاع v33؛ بدون ردیف رجیستری | F12: — | G12: DIRECT_ROSTER_COMPARISON_WITH_BOARD_SIZE_CHANGE | H12: بالا | I12: SOURCE_GAP | J12: NEEDS_SOURCE_REVIEW
A13: رمپنا | B13: SRC_RMPN_1404_011 | افشای نوع ۱۹، جلسه هیئت مدیره ۱۴۰۴/۰۲/۲۱ | بازسازی ۱۴۰۳ | صفحه ۱ | ستون نماینده قبلی برای بازسازی Cutoff ۱۴۰۳ استفاده شد SRC_RMPN_1404_008 | افشای نوع ۱۹، جلسه هیئت مدیره ۱۴۰۴/۱۰/۲۸ | ۱۴۰۴ | صفحات ۱ و ۲ | آخرین افشای نوع ۱۹ موجود پیش از Cutoff ۱۴۰۴/۱۲/۲۹ | C13: Codal (ن-۴۵ / ن-۱۱ / گزارش سالانه) | D13: FY1403/FY1404 | E13: ثبت در ثبت منابع Batchها | F13: https://www.codal.ir/Reports/Decision.aspx?LetterSerial=gsard4xmaj4Zi8yOS8AWMA%3d%3d&rt=5&let=19&ct=0&ft=-1 https://www.codal.ir/Reports/Decision.aspx?LetterSerial=4P4QQQaQQQssbMX9ZMuZVciqBKOOObOOOg%3d%3d&rt=5&let=19&ct=0&ft=-1 | G13: TYPE19_CHRONOLOGY | H13: متوسط | I13: OK | J13: VERIFIED
A14: فخوز | B14: SRC_FKHZ_1404_002 | گزارش فعالیت هیئت مدیره منتهی به ۱۴۰۳/۱۲/۳۰ | ۱۴۰۳ | صفحه ۳۴ | روستر کامل ۱۴۰۳ SRC_FKHZ_1404_004 | افشای نوع ۱۹، جلسه هیئت مدیره ۱۴۰۴/۰۵/۲۷ | ۱۴۰۴ | صفحه ۱ | آخرین افشای نوع ۱۹ پیش از Cutoff | C14: Codal (ن-۴۵ / ن-۱۱ / گزارش سالانه) | D14: FY1403/FY1404 | E14: فقط ارجاع v33؛ بدون ردیف رجیستری | F14: — | G14: MULTI_SOURCE_RECONCILIATION | H14: بالا | I14: SOURCE_GAP | J14: NEEDS_SOURCE_REVIEW
... A33: شپدیس | B33: Iran_BSI_v33_Phase4_2K_FinalTurnoverClosure.xlsx | وضعیت ۳۰ شرکت | سند FY1403 برای تطبیق دو ساله در دسترس نبود | C33: Codal (ن-۴۵ / ن-۱۱ / گزارش سالانه) | D33: FY1403/FY1404 | E33: فقط ارجاع v33؛ بدون ردیف رجیستری | F33: — | G33: MISSING_PRIOR_YEAR | H33: محدودیت داده | I33: SOURCE_GAP | J33: NEEDS_SOURCE_REVIEW

Sheet Audit Cutoff
A1: ممیزی Cutoff و Look-Ahead
A2: تاریخ انتشار با سال مالی یکی گرفته نشده است. شرکت‌های با سال مالی غیرتقویمی با Cutoff مشترک ۱۴۰۳/۱۲/۲۹ و ۱۴۰۴/۱۲/۲۹ سنجیده می‌شوند.
A3: شرکت | B3: پایان سال مالی | C3: Cutoff FY1403 | D3: Cutoff FY1404 | E3: نوع سال مالی | F3: قاعده | G3: Look-Ahead Flag | H3: وضعیت
A4: فملی | B4: 12/29 | C4: 1403/12/29 | D4: 1404/12/29 | E4: تقویمی | F4: Publication date ≠ Fiscal year؛ Status-as-of باید ≤ Cutoff | G4: بدون نشانه Look-Ahead | H4: OK
A5: تاپیکو | B5: 02/31 | C5: 1403/12/29 | D5: 1404/12/29 | E5: غیرتقویمی | F5: Publication date ≠ Fiscal year؛ Status-as-of باید ≤ Cutoff | G5: RISK: ≥3 عضو پس از Cutoff FY1403؛ Snapshot FY1403 ناهمتراز | H5: RISK
A6: فارس | B6: 03/31 | C6: 1403/12/29 | D6: 1404/12/29 | E6: غیرتقویمی | F6: Publication date ≠ Fiscal year؛ Status-as-of باید ≤ Cutoff | G6: بدون نشانه Look-Ahead | H6: OK
A7: خودرو | B7: 12/29 | C7: 1403/12/29 | D7: 1404/12/29 | E7: تقویمی | F7: Publication date ≠ Fiscal year؛ Status-as-of باید ≤ Cutoff | G7: بدون نشانه Look-Ahead | H7: OK
A8: زاگرس | B8: 12/29 | C8: 1403/12/29 | D8: 1404/12/29 | E8: تقویمی | F8: Publication date ≠ Fiscal year؛ Status-as-of باید ≤ Cutoff | G8: بدون نشانه Look-Ahead | H8: OK
A9: شبندر | B9: 12/29 | C9: 1403/12/29 | D9: 1404/12/29 | E9: تقویمی | F9: Publication date ≠ Fiscal year؛ Status-as-of باید ≤ Cutoff | G9: بدون نشانه Look-Ahead | H9: OK
A10: پارس | B10: 12/29 | C10: 1403/12/29 | D10: 1404/12/29 | E10: تقویمی | F10: Publication date ≠ Fiscal year؛ Status-as-of باید ≤ Cutoff | G10: بدون نشانه Look-Ahead | H10: OK
A11: شتران | B11: 12/29 | C11: 1403/12/29 | D11: 1404/12/29 | E11: تقویمی | F11: Publication date ≠ Fiscal year؛ Status-as-of باید ≤ Cutoff | G11: بدون نشانه Look-Ahead | H11: OK
A12: وتجارت | B12: 12/29 | C12: 1403/12/29 | D12: 1404/12/29 | E12: تقویمی | F12: Publication date ≠ Fiscal year؛ Status-as-of باید ≤ Cutoff | G12: بدون نشانه Look-Ahead | H12: OK
A13: رمپنا | B13: 12/29 | C13: 1403/12/29 | D13: 1404/12/29 | E13: تقویمی | F13: Publication date ≠ Fiscal year؛ Status-as-of باید ≤ Cutoff | G13: کنترل‌شده (Look Ahead حذف شد) | H13: CONTROLLED
A14: فخوز | B14: 12/29 | C14: 1403/12/29 | D14: 1404/12/29 | E14: تقویمی | F14: Publication date ≠ Fiscal year؛ Status-as-of باید ≤ Cutoff | G14: کنترل‌شده (Cutoff کنترل شد) | H14: CONTROLLED
... A33: شپدیس | B33: 12/29 | C33: 1403/12/29 | D33: 1404/12/29 | E33: تقویمی | F33: Publication date ≠ Fiscal year؛ Status-as-of باید ≤ Cutoff | G33: N/A | H33: OK

Sheet Audit Missingness
A1: ممیزی Missingness (هشت دسته جدا)
A2: تعداد شرکت به تفکیک دلیل نبود داده (شمارش ممیز از v35/v22/v31). TRUE_ZERO فقط وقتی شواهد صریح صفر وجود دارد.
A3: Measure | B3: TRUE_ZERO | C3: NOT_DISCLOSED | D3: COULD_NOT_VERIFY | E3: NOT_APPLICABLE | F3: INSUFFICIENT_EVIDENCE | G3: DOCUMENT_MISSING | H3: SEAT_LEVEL_ONLY | I3: PERSON_LEVEL_UNAVAILABLE | J3: جمع (فرمول) | K3: یادداشت
A4: REF05 Turnover | B4: 7 | C4: 0 | D4: 0 | E4: 0 | F4: 1 | G4: 1 | H4: 1 | I4: 0 | J4: =SUM(B4:I4) -> 10 | K4: Missing هرگز به صفر تبدیل نشد؛ TRUE_ZERO فقط با شواهد صریح
A5: REF08 Rep Change | B5: 5 | C5: 0 | D5: 0 | E5: 4 | F5: 2 | G5: 1 | H5: 1 | I5: 0 | J5: =SUM(B5:I5) -> 13 | K5: Missing هرگز به صفر تبدیل نشد؛ TRUE_ZERO فقط با شواهد صریح
A6: AUD01 | B6: 0 | C6: 6 | D6: 0 | E6: 0 | F6: 1 | G6: 0 | H6: 0 | I6: 0 | J6: =SUM(B6:I6) -> 7 | K6: Missing هرگز به صفر تبدیل نشد؛ TRUE_ZERO فقط با شواهد صریح
A7: AUD02 | B7: 0 | C7: 7 | D7: 0 | E7: 0 | F7: 12 | G7: 0 | H7: 0 | I7: 0 | J7: =SUM(B7:I7) -> 19 | K7: Missing هرگز به صفر تبدیل نشد؛ TRUE_ZERO فقط با شواهد صریح
A8: VAR06 | B8: 0 | C8: 0 | D8: 1 | E8: 0 | F8: 2 | G8: 0 | H8: 0 | I8: 0 | J8: =SUM(B8:I8) -> 3 | K8: Missing هرگز به صفر تبدیل نشد؛ TRUE_ZERO فقط با شواهد صریح
A9: S1A | B9: 0 | C9: 2 | D9: 0 | E9: 0 | F9: 0 | G9: 0 | H9: 0 | I9: 0 | J9: =SUM(B9:I9) -> 2 | K9: Missing هرگز به صفر تبدیل نشد؛ TRUE_ZERO فقط با شواهد صریح
A10: CR1A | B10: =COUNTIFS('CR1A v39'!E4:E33,"بله",'CR1A v39'!F4:F33,0) -> 12 | C10: 0 | D10: =COUNTIF('CR1A v39'!M4:M33,"COULD_NOT_VERIFY") -> 1 | E10: 0 | F10: =COUNTIF('CR1A v39'!M4:M33,"INSUFFICIENT_EVIDENCE") -> 1 | G10: =COUNTIF('CR1A v39'!M4:M33,"DOCUMENT_MISSING") -> 1 | H10: 0 | I10: =COUNTIF('CR1A v39'!M4:M33,"PERSON_LEVEL_UNAVAILABLE") -> 1 | J10: =SUM(B10:I10) -> 16 | K10: ۱۲ صفر واقعی در مجموعه محافظه کارانه؛ یک تعارض فملی و سه نامشخص. جمع ستون J شامل صفرهای واقعی و علل نبود داده است، نه فقط تعداد داده گمشده.
A11: SEP07 | B11: 0 | C11: 0 | D11: 0 | E11: 0 | F11: 4 | G11: 0 | H11: 0 | I11: 0 | J11: =SUM(B11:I11) -> 4 | K11: Missing هرگز به صفر تبدیل نشد؛ TRUE_ZERO فقط با شواهد صریح

Sheet Audit Coverage
A1: ممیزی Coverage: X/30 و X/Eligible
A2: ردیف CR1A در v39 همگام شد. سایر ردیف های ممیزی با تاریخچه قبلی حفظ شده اند. ستون B در فایل مبنا متن دارد و محاسبات تاریخی آن تا بازیابی عدد معتبر خالی می مانند.
A3: Measure | B3: دارای داده v35 | C3: واجد شرایط v35 | D3: پوشش واجد شرایط v35 (فرمول) | E3: پوشش از ۳۰ v35 (فرمول) | F3: دارای داده ممیزی | G3: واجد شرایط ممیزی | H3: پوشش واجد شرایط ممیزی (فرمول) | I3: پوشش از ۳۰ ممیزی (فرمول) | J3: تفاوت (فرمول) | K3: گزارش دوگانه (فرمول) | L3: یادداشت | M3: کنترل ورودی تاریخی
A4: S1A | B4: پروکسی استقلال ساختاری | C4: 30 | D4: =IF(AND(ISNUMBER(B4),ISNUMBER(C4),C4>0),B4/C4,"") | E4: =IF(ISNUMBER(B4),B4/30,"") | F4: 28 | G4: 30 | H4: =F4/G4 -> 0.93333333 | I4: =F4/30 -> 0.93333333 | J4: =IF(AND(ISNUMBER(F4),ISNUMBER(B4)),F4-B4,"") | K4: ="X/30: "&F4&"/30 | X/eligible: "&F4&"/"&G4 -> X/30: 28/30 | X/eligible: 28/30 | L4: Duty_Status NOT_DISCLOSED در v22 (۴ ردیف عضو) | M4: BASELINE_COUNT_NOT_NUMERIC
A5: V1 | B5: تنوع رشته تحصیلی | C5: 28 | D5: =IF(AND(ISNUMBER(B5),ISNUMBER(C5),C5>0),B5/C5,"") | E5: =IF(ISNUMBER(B5),B5/30,"") | F5: 28 | G5: 30 | H5: =F5/G5 -> 0.93333333 | I5: =F5/30 -> 0.93333333 | J5: =IF(AND(ISNUMBER(F5),ISNUMBER(B5)),F5-B5,"") | K5: ="X/30: "&F5&"/30 | X/eligible: "&F5&"/"&G5 -> X/30: 28/30 | X/eligible: 28/30 | L5: مطابق v22 (دو شرکت بدون داده کافی) | M5: BASELINE_COUNT_NOT_NUMERIC
A6: VAR06_Strict | B6: تنوع سابقه حرفه‌ای | C6: 28 | D6: =IF(AND(ISNUMBER(B6),ISNUMBER(C6),C6>0),B6/C6,"") | E6: =IF(ISNUMBER(B6),B6/30,"") | F6: 27 | G6: 28 | H6: =F6/G6 -> 0.96428571 | I6: =F6/30 -> 0.9 | J6: =IF(AND(ISNUMBER(F6),ISNUMBER(B6)),F6-B6,"") | K6: ="X/30: "&F6&"/30 | X/eligible: "&F6&"/"&G6 -> X/30: 27/30 | X/eligible: 27/28 | L6: خودرو Blau=None در v25 | M6: BASELINE_COUNT_NOT_NUMERIC
A7: VAR10 | B7: تخصص مالی | C7: 28 | D7: =IF(AND(ISNUMBER(B7),ISNUMBER(C7),C7>0),B7/C7,"") | E7: =IF(ISNUMBER(B7),B7/30,"") | F7: 28 | G7: 28 | H7: =F7/G7 -> 1 | I7: =F7/30 -> 0.93333333 | J7: =IF(AND(ISNUMBER(F7),ISNUMBER(B7)),F7-B7,"") | K7: ="X/30: "&F7&"/30 | X/eligible: "&F7&"/"&G7 -> X/30: 28/30 | X/eligible: 28/28 | L7: v25: بدون N/A | M7: BASELINE_COUNT_NOT_NUMERIC
A8: CR1A | B8: تغییر رئیس | C8: 30 | D8: =IF(AND(ISNUMBER(B8),ISNUMBER(C8),C8>0),B8/C8,"") | E8: =IF(ISNUMBER(B8),B8/30,"") | F8: ='CR1A v39'!B39 -> 26 | G8: ='CR1A v39'!B44 -> 30 | H8: =F8/G8 -> 0.86666667 | I8: =F8/30 -> 0.86666667 | J8: =IF(AND(ISNUMBER(F8),ISNUMBER(B8)),F8-B8,"") | K8: ="X/30: "&F8&"/30 | X/eligible: "&F8&"/"&G8 -> X/30: 26/30 | X/eligible: 26/30 | L8: ۲۶ از ۳۰ پوشش محافظه کارانه؛ ۲۷ کد موجود. یک تعارض فملی و سه نامشخص. این شمارش تایید مستقل جدید همه اسناد نیست. | M8: BASELINE_COUNT_NOT_NUMERIC
A9: AUD01 | B9: وجود کمیته حسابرسی | C9: 22 | D9: =IF(AND(ISNUMBER(B9),ISNUMBER(C9),C9>0),B9/C9,"") | E9: =IF(ISNUMBER(B9),B9/30,"") | F9: 23 | G9: 30 | H9: =F9/G9 -> 0.76666667 | I9: =F9/30 -> 0.76666667 | J9: =IF(AND(ISNUMBER(F9),ISNUMBER(B9)),F9-B9,"") | K9: ="X/30: "&F9&"/30 | X/eligible: "&F9&"/"&G9 -> X/30: 23/30 | X/eligible: 23/30 | L9: شبندر YES (SRC_SHBN_1404_001 ص۵۶)؛ ۶ مورد دیگر فقط Keyword Hit | M9: BASELINE_COUNT_NOT_NUMERIC
A10: AUD02 | B10: اندازه کمیته حسابرسی | C10: 15 | D10: =IF(AND(ISNUMBER(B10),ISNUMBER(C10),C10>0),B10/C10,"") | E10: =IF(ISNUMBER(B10),B10/30,"") | F10: 11 | G10: 30 | H10: =F10/G10 -> 0.36666667 | I10: =F10/30 -> 0.36666667 | J10: =IF(AND(ISNUMBER(F10),ISNUMBER(B10)),F10-B10,"") | K10: ="X/30: "&F10&"/30 | X/eligible: "&F10&"/"&G10 -> X/30: 11/30 | X/eligible: 11/30 | L10: اندازه دقیق فقط ۱۱ شرکت | M10: BASELINE_COUNT_NOT_NUMERIC
A11: IRN01 | B11: سهم کرسی حقوقی | C11: 30 | D11: =IF(AND(ISNUMBER(B11),ISNUMBER(C11),C11>0),B11/C11,"") | E11: =IF(ISNUMBER(B11),B11/30,"") | F11: 29 | G11: 30 | H11: =F11/G11 -> 0.96666667 | I11: =F11/30 -> 0.96666667 | J11: =IF(AND(ISNUMBER(F11),ISNUMBER(B11)),F11-B11,"") | K11: ="X/30: "&F11&"/30 | X/eligible: "&F11&"/"&G11 -> X/30: 29/30 | X/eligible: 29/30 | L11: تقریبا Dummy بانکی | M11: BASELINE_COUNT_NOT_NUMERIC
A12: IRN02 | B12: سهم کرسی حقیقی | C12: 30 | D12: =IF(AND(ISNUMBER(B12),ISNUMBER(C12),C12>0),B12/C12,"") | E12: =IF(ISNUMBER(B12),B12/30,"") | F12: 29 | G12: 30 | H12: =F12/G12 -> 0.96666667 | I12: =F12/30 -> 0.96666667 | J12: =IF(AND(ISNUMBER(F12),ISNUMBER(B12)),F12-B12,"") | K12: ="X/30: "&F12&"/30 | X/eligible: "&F12&"/"&G12 -> X/30: 29/30 | X/eligible: 29/30 | L12: مکمل دقیق IRN01 | M12: BASELINE_COUNT_NOT_NUMERIC
A13: SEP07 | B13: تفکیک CEO و Chair | C13: 30 | D13: =IF(AND(ISNUMBER(B13),ISNUMBER(C13),C13>0),B13/C13,"") | E13: =IF(ISNUMBER(B13),B13/30,"") | F13: 26 | G13: 30 | H13: =F13/G13 -> 0.86666667 | I13: =F13/30 -> 0.86666667 | J13: =IF(AND(ISNUMBER(F13),ISNUMBER(B13)),F13-B13,"") | K13: ="X/30: "&F13&"/30 | X/eligible: "&F13&"/"&G13 -> X/30: 26/30 | X/eligible: 26/30 | L13: Variation صفر در ۲۶ شناخته‌شده | M13: BASELINE_COUNT_NOT_NUMERIC
A14: REF05 | B14: گردش شخص حقیقی | C14: 27 | D14: =IF(AND(ISNUMBER(B14),ISNUMBER(C14),C14>0),B14/C14,"") | E14: =IF(ISNUMBER(B14),B14/30,"") | F14: 27 | G14: 28 | H14: =F14/G14 -> 0.96428571 | I14: =F14/30 -> 0.9 | J14: =IF(AND(ISNUMBER(F14),ISNUMBER(B14)),F14-B14,"") | K14: ="X/30: "&F14&"/30 | X/eligible: "&F14&"/"&G14 -> X/30: 27/30 | X/eligible: 27/28 | L14: مقدار خودرو اصلاح شد (۱/۵) | M14: BASELINE_COUNT_NOT_NUMERIC
A15: REF08 | B15: تغییر نماینده با شخص حقوقی ثابت | C15: 23 | D15: =IF(AND(ISNUMBER(B15),ISNUMBER(C15),C15>0),B15/C15,"") | E15: =IF(ISNUMBER(B15),B15/30,"") | F15: 22 | G15: 23 | H15: =F15/G15 -> 0.95652174 | I15: =F15/30 -> 0.73333333 | J15: =IF(AND(ISNUMBER(F15),ISNUMBER(B15)),F15-B15,"") | K15: ="X/30: "&F15&"/30 | X/eligible: "&F15&"/"&G15 -> X/30: 22/30 | X/eligible: 22/23 | L15: خودرو Missing تا بازبینی سند | M15: BASELINE_COUNT_NOT_NUMERIC

Sheet Audit Turnover
A1: ممیزی Natural Person Turnover Rate
A2: Turnover = G/H. هویت‌ها به‌صورت فرمول اکسل بررسی شده‌اند. ستون‌های اصلاح‌شده فقط شامل اصلاحات تاییدشده با سند منبع هستند؛ خالی به معنی Missing است نه صفر.
A3: شرکت | B3: G صورت گردش | C3: H مخرج | D3: J صورت تغییر نماینده | E3: K مخرج | F3: M صورت تغییر حقوقی | G3: N مخرج | H3: P عضو جدید | I3: Q مخرج عضو جدید | J3: S ثبات | K3: نرخ گردش (فرمول) | L3: S=H−G | M3: J≤G | N3: K=N−M | O3: P≥G | P3: G اصلاح‌شده | Q3: H اصلاح‌شده | R3: نرخ گردش اصلاح‌شده (فرمول) | S3: کیفیت شواهد | T3: وضعیت ممیزی | U3: Source_ID | V3: Source_URL | W3: Calculation_Method / Evidence_Method | X3: Notes
A4: فملی | B4: 0 | C4: 5 | D4: 0 | E4: 5 | F4: 0 | G4: 5 | H4: 0 | I4: 5 | J4: 5 | K4: =IF(AND(ISNUMBER(B4),ISNUMBER(C4),C4>0),B4/C4,"") -> 0 | L4: =IF(AND(ISNUMBER(B4),ISNUMBER(C4),ISNUMBER(J4)),IF(J4=C4-B4,"OK","FAIL"),"N/A") -> OK | M4: =IF(AND(ISNUMBER(D4),ISNUMBER(B4)),IF(D4<=B4,"OK","FAIL"),"N/A") -> OK | N4: =IF(AND(ISNUMBER(E4),ISNUMBER(F4),ISNUMBER(G4)),IF(E4=G4-F4,"OK","FAIL"),"N/A") -> OK | O4: =IF(AND(ISNUMBER(H4),ISNUMBER(B4)),IF(H4>=B4,"OK","FAIL"),"N/A") -> OK | P4: 0 | Q4: 5 | R4: =IF(AND(ISNUMBER(P4),ISNUMBER(Q4),Q4>0),P4/Q4,"") -> 0 | S4: MODERATE | T4: VERIFIED_WITH_LIMITATION | U4: Iran_BSI_v33_Phase4_2K_FinalTurnoverClosure.xlsx | برگه های گردش اشخاص حقیقی، تغییر نماینده، تغییر شخص حقوقی، اعضای جدید، ثبات هیئت و تغییر رئیس | V4: برای ردیابی پایه به فایل v33 و Source_IDهای همان فاز مراجعه شود | W4: DIRECT_ROSTER_COMPARISON | Turnover=G/H | X4: تایید قبلی؛ بدون تغییر در همه کرسی های قابل مقایسه
A5: تاپیکو | B5: 2 | C5: 5 | D5: 2 | E5: 4 | F5: 0 | G5: 4 | H5: 2 | I5: 5 | J5: 3 | K5: =IF(AND(ISNUMBER(B5),ISNUMBER(C5),C5>0),B5/C5,"") -> 0.4 | L5: =IF(AND(ISNUMBER(B5),ISNUMBER(C5),ISNUMBER(J5)),IF(J5=C5-B5,"OK","FAIL"),"N/A") -> OK | M5: =IF(AND(ISNUMBER(D5),ISNUMBER(B5)),IF(D5<=B5,"OK","FAIL"),"N/A") -> OK | N5: =IF(AND(ISNUMBER(E5),ISNUMBER(F5),ISNUMBER(G5)),IF(E5=G5-F5,"OK","FAIL"),"N/A") -> OK | O5: =IF(AND(ISNUMBER(H5),ISNUMBER(B5)),IF(H5>=B5,"OK","FAIL"),"N/A") -> OK | P5: 2 | Q5: 5 | R5: =IF(AND(ISNUMBER(P5),ISNUMBER(Q5),Q5>0),P5/Q5,"") -> 0.4 | S5: LOW | T5: NEEDS_SOURCE_REVIEW | U5: Iran_BSI_v33_Phase4_2K_FinalTurnoverClosure.xlsx | برگه های گردش اشخاص حقیقی، تغییر نماینده، تغییر شخص حقوقی، اعضای جدید، ثبات هیئت و تغییر رئیس | V5: برای ردیابی پایه به فایل v33 و Source_IDهای همان فاز مراجعه شود | W5: DIRECT_ROSTER_COMPARISON | Turnover=G/H | X5: تایید قبلی
A6: فارس | B6: 3 | C6: 5 | D6: 3 | E6: 4 | F6: 0 | G6: 4 | H6: 3 | I6: 5 | J6: 2 | K6: =IF(AND(ISNUMBER(B6),ISNUMBER(C6),C6>0),B6/C6,"") -> 0.6 | L6: =IF(AND(ISNUMBER(B6),ISNUMBER(C6),ISNUMBER(J6)),IF(J6=C6-B6,"OK","FAIL"),"N/A") -> OK | M6: =IF(AND(ISNUMBER(D6),ISNUMBER(B6)),IF(D6<=B6,"OK","FAIL"),"N/A") -> OK | N6: =IF(AND(ISNUMBER(E6),ISNUMBER(F6),ISNUMBER(G6)),IF(E6=G6-F6,"OK","FAIL"),"N/A") -> OK | O6: =IF(AND(ISNUMBER(H6),ISNUMBER(B6)),IF(H6>=B6,"OK","FAIL"),"N/A") -> OK | P6: 3 | Q6: 5 | R6: =IF(AND(ISNUMBER(P6),ISNUMBER(Q6),Q6>0),P6/Q6,"") -> 0.6 | S6: MODERATE | T6: NEEDS_CORRECTION | U6: Iran_BSI_v33_Phase4_2K_FinalTurnoverClosure.xlsx | برگه های گردش اشخاص حقیقی، تغییر نماینده، تغییر شخص حقوقی، اعضای جدید، ثبات هیئت و تغییر رئیس | تایید تکمیلی در Iran_BSI_v31_Phase4_2I_MaximumMeasureRecovery.xlsx، شواهد خام | V6: برای ردیابی پایه به فایل v33 و Source_IDهای همان فاز مراجعه شود | W6: DIRECT_ROSTER_COMPARISON | Turnover=G/H | X6: نمونه مهم تغییر نماینده با شخص حقوقی ثابت
A7: خودرو | B7: 0 | C7: 5 | D7: 0 | E7: 5 | F7: 0 | G7: 5 | H7: 0 | I7: 5 | J7: 5 | K7: =IF(AND(ISNUMBER(B7),ISNUMBER(C7),C7>0),B7/C7,"") -> 0 | L7: =IF(AND(ISNUMBER(B7),ISNUMBER(C7),ISNUMBER(J7)),IF(J7=C7-B7,"OK","FAIL"),"N/A") -> OK | M7: =IF(AND(ISNUMBER(D7),ISNUMBER(B7)),IF(D7<=B7,"OK","FAIL"),"N/A") -> OK | N7: =IF(AND(ISNUMBER(E7),ISNUMBER(F7),ISNUMBER(G7)),IF(E7=G7-F7,"OK","FAIL"),"N/A") -> OK | O7: =IF(AND(ISNUMBER(H7),ISNUMBER(B7)),IF(H7>=B7,"OK","FAIL"),"N/A") -> OK | P7: 1 | Q7: 5 | R7: =IF(AND(ISNUMBER(P7),ISNUMBER(Q7),Q7>0),P7/Q7,"") -> 0.2 | S7: MODERATE | T7: NEEDS_CORRECTION | U7: Iran_BSI_v33_Phase4_2K_FinalTurnoverClosure.xlsx | روش MEMBERSHIP_START_RECONSTRUCTION و برگه های خانواده Turnover | V7: برای ردیابی پایه به فایل v33 و Source_IDهای همان فاز مراجعه شود | W7: MEMBERSHIP_START_RECONSTRUCTION | Turnover=G/H | X7: بازسازی از تاریخ شروع عضویت؛ محدودیت روش حفظ شد
A8: زاگرس | B8: 2 | C8: 3 | D8: 2 | E8: 3 | F8: 0 | G8: 3 | H8: 2 | I8: 4 | J8: 1 | K8: =IF(AND(ISNUMBER(B8),ISNUMBER(C8),C8>0),B8/C8,"") -> 0.66666667 | L8: =IF(AND(ISNUMBER(B8),ISNUMBER(C8),ISNUMBER(J8)),IF(J8=C8-B8,"OK","FAIL"),"N/A") -> OK | M8: =IF(AND(ISNUMBER(D8),ISNUMBER(B8)),IF(D8<=B8,"OK","FAIL"),"N/A") -> OK | N8: =IF(AND(ISNUMBER(E8),ISNUMBER(F8),ISNUMBER(G8)),IF(E8=G8-F8,"OK","FAIL"),"N/A") -> OK | O8: =IF(AND(ISNUMBER(H8),ISNUMBER(B8)),IF(H8>=B8,"OK","FAIL"),"N/A") -> OK | P8: 2 | Q8: 3 | R8: =IF(AND(ISNUMBER(P8),ISNUMBER(Q8),Q8>0),P8/Q8,"") -> 0.66666667 | S8: MODERATE | T8: NEEDS_SOURCE_REVIEW | U8: SRC_ZGRS_1404_002 (p.26, FY1403) و SRC_ZGRS_1404_001 (p.26, FY1404) | بازخوانی کامل این فاز؛ بدون دانلود جدید Iran_BSI_v33_Phase4_2K_FinalTurnoverClosure.xlsx | تطبیق کرسی ها و شواهد خام | SRC_ZGRS_1404_002 و SRC_ZGRS_1404_001، صفحه ۲۶ | V8: برای ردیابی پایه به فایل v33 و Source_IDهای همان فاز مراجعه شود | W8: DIRECT_ROSTER_COMPARISON | Turnover=G/H | X8: دو تغییر نماینده در سه کرسی تاییدشده
A9: شبندر | B9: 2 | C9: 5 | D9: 0 | E9: 3 | F9: 2 | G9: 5 | H9: 2 | I9: 5 | J9: 3 | K9: =IF(AND(ISNUMBER(B9),ISNUMBER(C9),C9>0),B9/C9,"") -> 0.4 | L9: =IF(AND(ISNUMBER(B9),ISNUMBER(C9),ISNUMBER(J9)),IF(J9=C9-B9,"OK","FAIL"),"N/A") -> OK | M9: =IF(AND(ISNUMBER(D9),ISNUMBER(B9)),IF(D9<=B9,"OK","FAIL"),"N/A") -> OK | N9: =IF(AND(ISNUMBER(E9),ISNUMBER(F9),ISNUMBER(G9)),IF(E9=G9-F9,"OK","FAIL"),"N/A") -> OK | O9: =IF(AND(ISNUMBER(H9),ISNUMBER(B9)),IF(H9>=B9,"OK","FAIL"),"N/A") -> OK | P9: 2 | Q9: 5 | R9: =IF(AND(ISNUMBER(P9),ISNUMBER(Q9),Q9>0),P9/Q9,"") -> 0.4 | S9: MODERATE | T9: VERIFIED_WITH_LIMITATION | U9: SRC_SHBN_1404_007 | T19 اصلاحیه | جلسه هیئت مدیره ۱۴۰۳/۱۲/۲۷ | صفحه ۱ | Roster مستقیم ۱۴۰۳ SRC_SHBN_1404_003 | T19 | جلسه هیئت مدیره ۱۴۰۴/۱۰/۱۸ | صفحه ۱ | Roster مستقیم ۱۴۰۴ SRC_SHBN_1404_001 (p.55-56 کمیته حسابرسی، p.82-84 روستر هیئت‌مدیره) | بازخوانی جزئی این فاز با الگوی جستجوی عربی؛ بدون دانلود جدید | V9: https://www.codal.ir/Reports/Decision.aspx?LetterSerial=ULk65ZOHpAkFOOObOOOb3pLpblJQ%3d%3d&rt=0&let=19&ct=0&ft=-1 https://www.codal.ir/Reports/Decision.aspx?LetterSerial=kealwqnfPYdWwbR3UB9uZw%3d%3d&rt=0&let=19&ct=0&ft=-1 | W9: MULTI_SOURCE_ROSTER_COMPARISON | Turnover=G/H | X9: رمزگذاری عربی سند با جستجوی دو الفبا حل شد
A10: پارس | B10: 3 | C10: 5 | D10: 3 | E10: 5 | F10: 0 | G10: 5 | H10: 3 | I10: 5 | J10: 2 | K10: =IF(AND(ISNUMBER(B10),ISNUMBER(C10),C10>0),B10/C10,"") -> 0.6 | L10: =IF(AND(ISNUMBER(B10),ISNUMBER(C10),ISNUMBER(J10)),IF(J10=C10-B10,"OK","FAIL"),"N/A") -> OK | M10: =IF(AND(ISNUMBER(D10),ISNUMBER(B10)),IF(D10<=B10,"OK","FAIL"),"N/A") -> OK | N10: =IF(AND(ISNUMBER(E10),ISNUMBER(F10),ISNUMBER(G10)),IF(E10=G10-F10,"OK","FAIL"),"N/A") -> OK | O10: =IF(AND(ISNUMBER(H10),ISNUMBER(B10)),IF(H10>=B10,"OK","FAIL"),"N/A") -> OK | P10: 3 | Q10: 5 | R10: =IF(AND(ISNUMBER(P10),ISNUMBER(Q10),Q10>0),P10/Q10,"") -> 0.6 | S10: MODERATE | T10: VERIFIED_WITH_LIMITATION | U10: SRC_PARS_1404_008 | T19 | جلسه هیئت مدیره ۱۴۰۴/۰۱/۳۰ | صفحه ۱ | ستون نماینده قبلی برای بازسازی وضعیت نزدیک پایان ۱۴۰۳ SRC_PARS_1404_005 | T19 | جلسه هیئت مدیره ۱۴۰۴/۰۷/۲۶ | صفحه ۱ | آخرین Snapshot تاییدشده پیش از Cutoff ۱۴۰۴ در آرشیو | V10: https://www.codal.ir/Reports/Decision.aspx?LetterSerial=sjHofZygVLXICVj8iXL3Aw%3d%3d&rt=0&let=19&ct=0&ft=-1 https://www.codal.ir/Reports/Decision.aspx?LetterSerial=1kqm2T6e5zV5EQQQaQQQKdlIj9HA%3d%3d&rt=0&let=19&ct=0&ft=-1 | W10: TYPE19_CHRONOLOGY | Turnover=G/H | X10: FY1403 از ستون نماینده قبلی افشای نوع ۱۹ بازسازی شد
A11: شتران | B11: 1 | C11: 5 | D11: 1 | E11: 5 | F11: 0 | G11: 5 | H11: 1 | I11: 5 | J11: 4 | K11: =IF(AND(ISNUMBER(B11),ISNUMBER(C11),C11>0),B11/C11,"") -> 0.2 | L11: =IF(AND(ISNUMBER(B11),ISNUMBER(C11),ISNUMBER(J11)),IF(J11=C11-B11,"OK","FAIL"),"N/A") -> OK | M11: =IF(AND(ISNUMBER(D11),ISNUMBER(B11)),IF(D11<=B11,"OK","FAIL"),"N/A") -> OK | N11: =IF(AND(ISNUMBER(E11),ISNUMBER(F11),ISNUMBER(G11)),IF(E11=G11-F11,"OK","FAIL"),"N/A") -> OK | O11: =IF(AND(ISNUMBER(H11),ISNUMBER(B11)),IF(H11>=B11,"OK","FAIL"),"N/A") -> OK | P11: 1 | Q11: 5 | R11: =IF(AND(ISNUMBER(P11),ISNUMBER(Q11),Q11>0),P11/Q11,"") -> 0.2 | S11: HIGH | T11: VERIFIED_WITH_LIMITATION | U11: SRC_SHTR_1403_001 | گزارش فعالیت هیئت مدیره | دوره منتهی به ۱۴۰۳/۱۲/۳۰ | PDF صفحه ۱۶، چاپی ۱۴ | Roster مستقیم ۱۴۰۳ SRC_SHTR_1404_002 | گزارش فعالیت هیئت مدیره | دوره منتهی به ۱۴۰۴/۱۲/۲۹ | PDF صفحه ۱۷، چاپی ۱۵ | Roster مستقیم ۱۴۰۴ | V11: https://www.codal.ir/Reports/Attachment.aspx?LetterSerial=W3P2HVjIaDXFbdMemqSeUA%3d%3d https://www.codal.ir/Reports/Attachment.aspx?LetterSerial=F0veQQQaQQQX4tai7nAftHYyrDhg%3d%3d | W11: DIRECT_ROSTER_COMPARISON | Turnover=G/H | X11: مقایسه مستقیم دو گزارش
A12: وتجارت | B12: 1 | C12: 5 | H12: 0 | I12: 4 | J12: 4 | K12: =IF(AND(ISNUMBER(B12),ISNUMBER(C12),C12>0),B12/C12,"") -> 0.2 | L12: =IF(AND(ISNUMBER(B12),ISNUMBER(C12),ISNUMBER(J12)),IF(J12=C12-B12,"OK","FAIL"),"N/A") -> OK | M12: =IF(AND(ISNUMBER(D12),ISNUMBER(B12)),IF(D12<=B12,"OK","FAIL"),"N/A") -> N/A | N12: =IF(AND(ISNUMBER(E12),ISNUMBER(F12),ISNUMBER(G12)),IF(E12=G12-F12,"OK","FAIL"),"N/A") -> N/A | O12: =IF(AND(ISNUMBER(H12),ISNUMBER(B12)),IF(H12>=B12,"OK","FAIL"),"N/A") -> FAIL | P12: 1 | Q12: 5 | R12: =IF(AND(ISNUMBER(P12),ISNUMBER(Q12),Q12>0),P12/Q12,"") -> 0.2 | S12: MODERATE | T12: NEEDS_SOURCE_REVIEW | U12: SRC_VTEJ_1404_004 | گزارش فعالیت هیئت مدیره مربوط به سال مالی ۱۴۰۳ | ۱۴۰۳ | صفحه ۳۷ | منبع جایگزین سالم که در v33 ثبت شده بود SRC_VTEJ_1404_001 | گزارش فعالیت هیئت مدیره مربوط به سال مالی ۱۴۰۴ | ۱۴۰۴ | صفحات ۴۴، ۴۶ و ۴۷ | ترکیب هیئت در تاریخ ۱۴۰۴/۱۲/۲۹ | V12: برای ردیابی پایه به فایل v33 و Source_IDهای همان فاز مراجعه شود | W12: DIRECT_ROSTER_COMPARISON_WITH_BOARD_SIZE_CHANGE | Turnover=G/H | X12: ساختار نمایندگی شخص حقوقی در گزارش مبنا وجود ندارد
A13: رمپنا | B13: 2 | C13: 5 | D13: 1 | E13: 1 | F13: 4 | G13: 5 | H13: 2 | I13: 5 | J13: 3 | K13: =IF(AND(ISNUMBER(B13),ISNUMBER(C13),C13>0),B13/C13,"") -> 0.4 | L13: =IF(AND(ISNUMBER(B13),ISNUMBER(C13),ISNUMBER(J13)),IF(J13=C13-B13,"OK","FAIL"),"N/A") -> OK | M13: =IF(AND(ISNUMBER(D13),ISNUMBER(B13)),IF(D13<=B13,"OK","FAIL"),"N/A") -> OK | N13: =IF(AND(ISNUMBER(E13),ISNUMBER(F13),ISNUMBER(G13)),IF(E13=G13-F13,"OK","FAIL"),"N/A") -> OK | O13: =IF(AND(ISNUMBER(H13),ISNUMBER(B13)),IF(H13>=B13,"OK","FAIL"),"N/A") -> OK | P13: 2 | Q13: 5 | R13: =IF(AND(ISNUMBER(P13),ISNUMBER(Q13),Q13>0),P13/Q13,"") -> 0.4 | S13: MODERATE | T13: VERIFIED_WITH_LIMITATION | U13: SRC_RMPN_1404_011 | افشای نوع ۱۹، جلسه هیئت مدیره ۱۴۰۴/۰۲/۲۱ | بازسازی ۱۴۰۳ | صفحه ۱ | ستون نماینده قبلی برای بازسازی Cutoff ۱۴۰۳ استفاده شد SRC_RMPN_1404_008 | افشای نوع ۱۹، جلسه هیئت مدیره ۱۴۰۴/۱۰/۲۸ | ۱۴۰۴ | صفحات ۱ و ۲ | آخرین افشای نوع ۱۹ موجود پیش از Cutoff ۱۴۰۴/۱۲/۲۹ | V13: https://www.codal.ir/Reports/Decision.aspx?LetterSerial=gsard4xmaj4Zi8yOS8AWMA%3d%3d&rt=5&let=19&ct=0&ft=-1 https://www.codal.ir/Reports/Decision.aspx?LetterSerial=4P4QQQaQQQssbMX9ZMuZVciqBKOOObOOOg%3d%3d&rt=5&let=19&ct=0&ft=-1 | W13: TYPE19_CHRONOLOGY | Turnover=G/H | X13: Look Ahead حذف شد؛ مخرج Representative Change فقط یک کرسی ثابت است
A14: فخوز | B14: 4 | C14: 5 | D14: 3 | E14: 4 | F14: 1 | G14: 5 | H14: 4 | I14: 5 | J14: 1 | K14: =IF(AND(ISNUMBER(B14),ISNUMBER(C14),C14>0),B14/C14,"") -> 0.8 | L14: =IF(AND(ISNUMBER(B14),ISNUMBER(C14),ISNUMBER(J14)),IF(J14=C14-B14,"OK","FAIL"),"N/A") -> OK | M14: =IF(AND(ISNUMBER(D14),ISNUMBER(B14)),IF(D14<=B14,"OK","FAIL"),"N/A") -> OK | N14: =IF(AND(ISNUMBER(E14),ISNUMBER(F14),ISNUMBER(G14)),IF(E14=G14-F14,"OK","FAIL"),"N/A") -> OK | O14: =IF(AND(ISNUMBER(H14),ISNUMBER(B14)),IF(H14>=B14,"OK","FAIL"),"N/A") -> OK | P14: 4 | Q14: 5 | R14: =IF(AND(ISNUMBER(P14),ISNUMBER(Q14),Q14>0),P14/Q14,"") -> 0.8 | S14: MODERATE | T14: VERIFIED_WITH_LIMITATION | U14: SRC_FKHZ_1404_002 | گزارش فعالیت هیئت مدیره منتهی به ۱۴۰۳/۱۲/۳۰ | ۱۴۰۳ | صفحه ۳۴ | روستر کامل ۱۴۰۳ SRC_FKHZ_1404_004 | افشای نوع ۱۹، جلسه هیئت مدیره ۱۴۰۴/۰۵/۲۷ | ۱۴۰۴ | صفحه ۱ | آخرین افشای نوع ۱۹ پیش از Cutoff | V14: برای ردیابی پایه به فایل v33 و Source_IDهای همان فاز مراجعه شود | W14: MULTI_SOURCE_RECONCILIATION | Turnover=G/H | X14: Cutoff کنترل شد
A15: شستا | B15: 3 | C15: 5 | D15: 3 | E15: 5 | F15: 0 | G15: 5 | H15: 3 | I15: 5 | J15: 2 | K15: =IF(AND(ISNUMBER(B15),ISNUMBER(C15),C15>0),B15/C15,"") -> 0.6 | L15: =IF(AND(ISNUMBER(B15),ISNUMBER(C15),ISNUMBER(J15)),IF(J15=C15-B15,"OK","FAIL"),"N/A") -> OK | M15: =IF(AND(ISNUMBER(D15),ISNUMBER(B15)),IF(D15<=B15,"OK","FAIL"),"N/A") -> OK | N15: =IF(AND(ISNUMBER(E15),ISNUMBER(F15),ISNUMBER(G15)),IF(E15=G15-F15,"OK","FAIL"),"N/A") -> OK | O15: =IF(AND(ISNUMBER(H15),ISNUMBER(B15)),IF(H15>=B15,"OK","FAIL"),"N/A") -> OK | P15: 3 | Q15: 5 | R15: =IF(AND(ISNUMBER(P15),ISNUMBER(Q15),Q15>0),P15/Q15,"") -> 0.6 | S15: HIGH | T15: VERIFIED_WITH_LIMITATION | U15: SRC_SHST_1404_015 | افشای نوع ۱۹ | ۱۴۰۳ | ۱ | Snapshot مبنا برای ۱۴۰۳ SRC_SHST_1404_007 | افشای نوع ۱۹ | ۱۴۰۴ | ۱ | Snapshot مبنا برای ۱۴۰۴ | V15: https://www.codal.ir/Reports/Decision.aspx?LetterSerial=b8oxHadTuSstqVNc5Bqzjw%3d%3d&rt=2&let=19&ct=0&ft=-1 https://www.codal.ir/Reports/Decision.aspx?LetterSerial=pk2gUF4FVfw9cOOObOOOOR6kSTDg%3d%3d&rt=2&let=19&ct=0&ft=-1 | W15: DIRECT_TYPE19_COMPARISON | Turnover=G/H | X15: Snapshotهای پیش از Cutoff
A16: شپنا | B16: 1 | C16: 5 | D16: 1 | E16: 5 | F16: 0 | G16: 5 | H16: 1 | I16: 5 | J16: 4 | K16: =IF(AND(ISNUMBER(B16),ISNUMBER(C16),C16>0),B16/C16,"") -> 0.2 | L16: =IF(AND(ISNUMBER(B16),ISNUMBER(C16),ISNUMBER(J16)),IF(J16=C16-B16,"OK","FAIL"),"N/A") -> OK | M16: =IF(AND(ISNUMBER(D16),ISNUMBER(B16)),IF(D16<=B16,"OK","FAIL"),"N/A") -> OK | N16: =IF(AND(ISNUMBER(E16),ISNUMBER(F16),ISNUMBER(G16)),IF(E16=G16-F16,"OK","FAIL"),"N/A") -> OK | O16: =IF(AND(ISNUMBER(H16),ISNUMBER(B16)),IF(H16>=B16,"OK","FAIL"),"N/A") -> OK | P16: 1 | Q16: 5 | R16: =IF(AND(ISNUMBER(P16),ISNUMBER(Q16),Q16>0),P16/Q16,"") -> 0.2 | S16: HIGH | T16: VERIFIED_WITH_LIMITATION | U16: SRC_SHPN_1404_002 | افشای نوع ۱۹ | ۱۴۰۳ | ۱ | Snapshot مبنا برای ۱۴۰۳ SRC_SHPN_1404_004 | افشای نوع ۱۹ | ۱۴۰۴ | ۱ تا ۲ | Snapshot مبنا برای ۱۴۰۴ | V16: https://www.codal.ir/Reports/Decision.aspx?LetterSerial=BgB1TPEYicGYh74gmrG9mA%3d%3d&rt=0&let=19&ct=0&ft=-1 https://www.codal.ir/Reports/Decision.aspx?LetterSerial=zWRtzdFgEWKY0H4XNrzRzA%3d%3d&rt=0&let=19&ct=0&ft=-1 | W16: DIRECT_TYPE19_COMPARISON | Turnover=G/H | X16: مقایسه مستقیم افشای نوع ۱۹
A17: وغدیر | B17: 2 | C17: 5 | D17: 2 | E17: 5 | F17: 0 | G17: 5 | H17: 2 | I17: 5 | J17: 3 | K17: =IF(AND(ISNUMBER(B17),ISNUMBER(C17),C17>0),B17/C17,"") -> 0.4 | L17: =IF(AND(ISNUMBER(B17),ISNUMBER(C17),ISNUMBER(J17)),IF(J17=C17-B17,"OK","FAIL"),"N/A") -> OK | M17: =IF(AND(ISNUMBER(D17),ISNUMBER(B17)),IF(D17<=B17,"OK","FAIL"),"N/A") -> OK | N17: =IF(AND(ISNUMBER(E17),ISNUMBER(F17),ISNUMBER(G17)),IF(E17=G17-F17,"OK","FAIL"),"N/A") -> OK | O17: =IF(AND(ISNUMBER(H17),ISNUMBER(B17)),IF(H17>=B17,"OK","FAIL"),"N/A") -> OK | P17: 2 | Q17: 5 | R17: =IF(AND(ISNUMBER(P17),ISNUMBER(Q17),Q17>0),P17/Q17,"") -> 0.4 | S17: HIGH | T17: VERIFIED_WITH_LIMITATION | U17: SRC_VGHD_1404_002 | افشای نوع ۱۹ | ۱۴۰۳ | ۱ | Snapshot مبنا برای ۱۴۰۳ SRC_VGHD_1404_006 | افشای نوع ۱۹ | ۱۴۰۴ | ۱ | Snapshot مبنا برای ۱۴۰۴ | V17: https://www.codal.ir/Reports/Decision.aspx?LetterSerial=b9uqvOIQIMvyGYAfsuoWUg%3d%3d&rt=2&let=19&ct=0&ft=-1 https://www.codal.ir/Reports/Decision.aspx?LetterSerial=ytYjZCpQQQaQQQ34BFQkm8DLxX9A%3d%3d&rt=2&let=19&ct=0&ft=-1 | W17: DIRECT_TYPE19_COMPARISON | Turnover=G/H | X17: مقایسه مستقیم افشای نوع ۱۹
A18: نوری | B18: 4 | C18: 5 | D18: 1 | E18: 1 | F18: 4 | G18: 5 | H18: 4 | I18: 5 | J18: 1 | K18: =IF(AND(ISNUMBER(B18),ISNUMBER(C18),C18>0),B18/C18,"") -> 0.8 | L18: =IF(AND(ISNUMBER(B18),ISNUMBER(C18),ISNUMBER(J18)),IF(J18=C18-B18,"OK","FAIL"),"N/A") -> OK | M18: =IF(AND(ISNUMBER(D18),ISNUMBER(B18)),IF(D18<=B18,"OK","FAIL"),"N/A") -> OK | N18: =IF(AND(ISNUMBER(E18),ISNUMBER(F18),ISNUMBER(G18)),IF(E18=G18-F18,"OK","FAIL"),"N/A") -> OK | O18: =IF(AND(ISNUMBER(H18),ISNUMBER(B18)),IF(H18>=B18,"OK","FAIL"),"N/A") -> OK | P18: 4 | Q18: 5 | R18: =IF(AND(ISNUMBER(P18),ISNUMBER(Q18),Q18>0),P18/Q18,"") -> 0.8 | S18: MODERATE | T18: VERIFIED_WITH_LIMITATION | U18: SRC_NOURI_1403_001 | گزارش فعالیت هیئت مدیره | ۱۴۰۳ | ۳۹ | Snapshot مبنا برای ۱۴۰۳ SRC_NOOR_1404_007 + SRC_NOOR_1404_005 | گزارش فعالیت هیئت مدیره و Cross Check افشای نوع ۱۹ | ۱۴۰۴ | ۴۱ و افشای نوع ۱۹ صفحه ۱ | Snapshot مبنا برای ۱۴۰۴ | V18: https://www.codal.ir/Reports/Attachment.aspx?LetterSerial=qQQQaQQQXL8Mm5NCUb8eyBSic7hA%3d%3d https://www.codal.ir/Reports/Attachment.aspx?LetterSerial=lWuukNFzDitnWL7VD4weCA%3d%3d | W18: ANNUAL_REPORT_PLUS_TYPE19 | Turnover=G/H | X18: تنها یک شخص حقوقی ثابت بود و نماینده همان کرسی تغییر کرد
A19: فولاد | B19: 2 | C19: 5 | D19: 1 | E19: 4 | F19: 1 | G19: 5 | H19: 2 | I19: 5 | J19: 3 | K19: =IF(AND(ISNUMBER(B19),ISNUMBER(C19),C19>0),B19/C19,"") -> 0.4 | L19: =IF(AND(ISNUMBER(B19),ISNUMBER(C19),ISNUMBER(J19)),IF(J19=C19-B19,"OK","FAIL"),"N/A") -> OK | M19: =IF(AND(ISNUMBER(D19),ISNUMBER(B19)),IF(D19<=B19,"OK","FAIL"),"N/A") -> OK | N19: =IF(AND(ISNUMBER(E19),ISNUMBER(F19),ISNUMBER(G19)),IF(E19=G19-F19,"OK","FAIL"),"N/A") -> OK | O19: =IF(AND(ISNUMBER(H19),ISNUMBER(B19)),IF(H19>=B19,"OK","FAIL"),"N/A") -> OK | P19: 2 | Q19: 5 | R19: =IF(AND(ISNUMBER(P19),ISNUMBER(Q19),Q19>0),P19/Q19,"") -> 0.4 | S19: HIGH | T19: VERIFIED_WITH_LIMITATION | U19: SRC_FOLD_1403_001 | گزارش فعالیت هیئت مدیره | ۱۴۰۳ | ۴ | Snapshot مبنا برای ۱۴۰۳ SRC_FOLD_1404_002 | گزارش فعالیت هیئت مدیره | ۱۴۰۴ | ۵ و ۳۱ | Snapshot مبنا برای ۱۴۰۴ و تاریخ انتصاب اعضا | V19: https://www.codal.ir/Reports/Attachment.aspx?LetterSerial=lIOOObOOOFuv6MQlLw20bmBKF3Cw%3d%3d https://www.codal.ir/Reports/Attachment.aspx?LetterSerial=DjTPnm9Pa79X4Gv1Zp8FQQQaQQQQ%3d%3d | W19: DIRECT_ANNUAL_REPORT_COMPARISON | Turnover=G/H | X19: یک تغییر شخص حقوقی و یک تغییر نماینده مستقل
A20: کچاد | B20: 0 | C20: 4 | D20: 0 | E20: 4 | F20: 0 | G20: 5 | H20: 1 | I20: 5 | J20: 4 | K20: =IF(AND(ISNUMBER(B20),ISNUMBER(C20),C20>0),B20/C20,"") -> 0 | L20: =IF(AND(ISNUMBER(B20),ISNUMBER(C20),ISNUMBER(J20)),IF(J20=C20-B20,"OK","FAIL"),"N/A") -> OK | M20: =IF(AND(ISNUMBER(D20),ISNUMBER(B20)),IF(D20<=B20,"OK","FAIL"),"N/A") -> OK | N20: =IF(AND(ISNUMBER(E20),ISNUMBER(F20),ISNUMBER(G20)),IF(E20=G20-F20,"OK","FAIL"),"N/A") -> FAIL | O20: =IF(AND(ISNUMBER(H20),ISNUMBER(B20)),IF(H20>=B20,"OK","FAIL"),"N/A") -> OK | P20: 0 | Q20: 4 | R20: =IF(AND(ISNUMBER(P20),ISNUMBER(Q20),Q20>0),P20/Q20,"") -> 0 | S20: MODERATE | T20: NEEDS_SOURCE_REVIEW | U20: SRC_KCHD_1403_001 | گزارش فعالیت هیئت مدیره | ۱۴۰۳ | ۴ | Snapshot مبنا برای ۱۴۰۳ و ثبت صریح کرسی خالی SRC_KCHD_1404_006 | افشای نوع ۱۹ | ۱۴۰۴ | ۱ | Snapshot مبنا برای ۱۴۰۴ | V20: https://www.codal.ir/Reports/Attachment.aspx?LetterSerial=RjOGt7pH1eRnl2ioIPNqDg%3d%3d https://www.codal.ir/Reports/Decision.aspx?LetterSerial=XPg1kJyBIkadWnCXHnsdKg%3d%3d&rt=0&let=19&ct=0&ft=-1 | W20: ANNUAL_REPORT_PLUS_TYPE19 | Turnover=G/H | X20: یک کرسی خالی از مخرج Turnover حذف شد
A21: کگل | B21: 1 | C21: 5 | D21: 1 | E21: 5 | F21: 0 | G21: 5 | H21: 1 | I21: 5 | J21: 4 | K21: =IF(AND(ISNUMBER(B21),ISNUMBER(C21),C21>0),B21/C21,"") -> 0.2 | L21: =IF(AND(ISNUMBER(B21),ISNUMBER(C21),ISNUMBER(J21)),IF(J21=C21-B21,"OK","FAIL"),"N/A") -> OK | M21: =IF(AND(ISNUMBER(D21),ISNUMBER(B21)),IF(D21<=B21,"OK","FAIL"),"N/A") -> OK | N21: =IF(AND(ISNUMBER(E21),ISNUMBER(F21),ISNUMBER(G21)),IF(E21=G21-F21,"OK","FAIL"),"N/A") -> OK | O21: =IF(AND(ISNUMBER(H21),ISNUMBER(B21)),IF(H21>=B21,"OK","FAIL"),"N/A") -> OK | P21: 1 | Q21: 5 | R21: =IF(AND(ISNUMBER(P21),ISNUMBER(Q21),Q21>0),P21/Q21,"") -> 0.2 | S21: HIGH | T21: VERIFIED_WITH_LIMITATION | U21: SRC_KGOL_1404_002 | افشای نوع ۱۹ | ۱۴۰۳ | ۱ | Snapshot مبنا برای پایان ۱۴۰۳ و جلوگیری از Look Ahead SRC_KGOL_1404_004 | افشای نوع ۱۹ | ۱۴۰۴ | ۱ | Snapshot مبنا برای ۱۴۰۴ | V21: https://www.codal.ir/Reports/Decision.aspx?LetterSerial=V8TQGa6IRAmh3pwzvDL0KQ%3d%3d&rt=0&let=19&ct=0&ft=-1 https://www.codal.ir/Reports/Decision.aspx?LetterSerial=IYIOOObOOO6mh6t3bHqdV5BigMrg%3d%3d&rt=0&let=19&ct=0&ft=-1 | W21: DIRECT_TYPE19_COMPARISON | Turnover=G/H | X21: Look Ahead گزارش سالانه حذف شد
A22: پارسان | B22: 0 | C22: 5 | H22: 2 | I22: 7 | J22: 5 | K22: =IF(AND(ISNUMBER(B22),ISNUMBER(C22),C22>0),B22/C22,"") -> 0 | L22: =IF(AND(ISNUMBER(B22),ISNUMBER(C22),ISNUMBER(J22)),IF(J22=C22-B22,"OK","FAIL"),"N/A") -> OK | M22: =IF(AND(ISNUMBER(D22),ISNUMBER(B22)),IF(D22<=B22,"OK","FAIL"),"N/A") -> N/A | N22: =IF(AND(ISNUMBER(E22),ISNUMBER(F22),ISNUMBER(G22)),IF(E22=G22-F22,"OK","FAIL"),"N/A") -> N/A | O22: =IF(AND(ISNUMBER(H22),ISNUMBER(B22)),IF(H22>=B22,"OK","FAIL"),"N/A") -> OK | P22: 0 | Q22: 5 | R22: =IF(AND(ISNUMBER(P22),ISNUMBER(Q22),Q22>0),P22/Q22,"") -> 0 | S22: MODERATE | T22: NEEDS_SOURCE_REVIEW | U22: SRC_PRSN_1403_001 | گزارش فعالیت هیئت مدیره | ۱۴۰۳ | ۵۰ | Snapshot مبنا برای ۱۴۰۳ SRC_PRSN_1404_007 | گزارش فعالیت هیئت مدیره | ۱۴۰۴ | ۳۷ تا ۳۸ | Snapshot مبنا برای ۱۴۰۴ | V22: https://www.codal.ir/Reports/Attachment.aspx?LetterSerial=Pzx8AUWEOOObOOOMcLjZdiSXNAoA%3d%3d https://www.codal.ir/Reports/Attachment.aspx?LetterSerial=L6jPydiKkSCQR9kVCKMgkg%3d%3d | W22: DIRECT_ANNUAL_REPORT_COMPARISON | Turnover=G/H | X22: ساختار شخص حقوقی برای این Measure قابل اعمال نبود
A23: اخابر | B23: 1 | C23: 5 | D23: 1 | E23: 3 | F23: 2 | G23: 5 | H23: 1 | I23: 5 | J23: 4 | K23: =IF(AND(ISNUMBER(B23),ISNUMBER(C23),C23>0),B23/C23,"") -> 0.2 | L23: =IF(AND(ISNUMBER(B23),ISNUMBER(C23),ISNUMBER(J23)),IF(J23=C23-B23,"OK","FAIL"),"N/A") -> OK | M23: =IF(AND(ISNUMBER(D23),ISNUMBER(B23)),IF(D23<=B23,"OK","FAIL"),"N/A") -> OK | N23: =IF(AND(ISNUMBER(E23),ISNUMBER(F23),ISNUMBER(G23)),IF(E23=G23-F23,"OK","FAIL"),"N/A") -> OK | O23: =IF(AND(ISNUMBER(H23),ISNUMBER(B23)),IF(H23>=B23,"OK","FAIL"),"N/A") -> OK | P23: 1 | Q23: 5 | R23: =IF(AND(ISNUMBER(P23),ISNUMBER(Q23),Q23>0),P23/Q23,"") -> 0.2 | S23: HIGH | T23: VERIFIED_WITH_LIMITATION | U23: SRC_AKHB_1404_002 | گزارش فعالیت هیئت مدیره | ۱۴۰۳ | ۹۳ تا ۹۴ | Snapshot مبنا برای ۱۴۰۳ SRC_AKHB_1404_003 | افشای نوع ۱۹ | ۱۴۰۴ | ۱ | Snapshot اصلی ۱۴۰۴ و تایید نمایندگان SRC_AKHB_1404_005 | افشای نوع ۱۹ | ۱۴۰۴ | ۱ | کنترل تغییر اشخاص حقوقی در طول سال | V23: https://www.codal.ir/Reports/Attachment.aspx?LetterSerial=l18osNfAAH2DvvstKQQQaQQQYuHQ%3d%3d https://www.codal.ir/Reports/Decision.aspx?LetterSerial=GSIO5iJOn2Ini6eniOOOObOOOopw%3d%3d&rt=5&let=19&ct=0&ft=-1 https://www.codal.ir/Reports/Decision.aspx?LetterSerial=iXcFNxwCjn4aV4ptXi6QQQaQQQjA%3d%3d&rt=5&let=19&ct=0&ft=-1 | W23: VISUAL_PLUS_TYPE19_RECONCILIATION | Turnover=G/H | X23: تطبیق بصری و بازتایید شخص حقوقی
A24: جم | B24: 2 | C24: 5 | D24: 2 | E24: 4 | F24: 1 | G24: 5 | H24: 0 | I24: 5 | J24: 3 | K24: =IF(AND(ISNUMBER(B24),ISNUMBER(C24),C24>0),B24/C24,"") -> 0.4 | L24: =IF(AND(ISNUMBER(B24),ISNUMBER(C24),ISNUMBER(J24)),IF(J24=C24-B24,"OK","FAIL"),"N/A") -> OK | M24: =IF(AND(ISNUMBER(D24),ISNUMBER(B24)),IF(D24<=B24,"OK","FAIL"),"N/A") -> OK | N24: =IF(AND(ISNUMBER(E24),ISNUMBER(F24),ISNUMBER(G24)),IF(E24=G24-F24,"OK","FAIL"),"N/A") -> OK | O24: =IF(AND(ISNUMBER(H24),ISNUMBER(B24)),IF(H24>=B24,"OK","FAIL"),"N/A") -> FAIL | P24: 2 | Q24: 5 | R24: =IF(AND(ISNUMBER(P24),ISNUMBER(Q24),Q24>0),P24/Q24,"") -> 0.4 | S24: MODERATE | T24: NEEDS_SOURCE_REVIEW | U24: SRC_JAM_1404_002 | گزارش فعالیت هیئت مدیره | ۱۴۰۳ | ۳۵ | Snapshot مبنا برای ۱۴۰۳ SRC_JAM_1404_008 | افشای نوع ۱۹ | ۱۴۰۳ | ۱ | تایید نام رسمی کاوشگران بازار سرمایه SRC_JAM_1404_005 | افشای نوع ۱۹ | ۱۴۰۴ | ۱ | آخرین Snapshot قابل اتکا پیش از Cutoff | V24: https://www.codal.ir/Reports/Attachment.aspx?LetterSerial=7DOfnJSrljlS4F1ZUoECfA%3d%3d https://www.codal.ir/Reports/Decision.aspx?LetterSerial=BY8YXlJLNgWdHoQQQaQQQN2kMTZQ%3d%3d&rt=0&let=19&ct=0&ft=-1 https://www.codal.ir/Reports/Decision.aspx?LetterSerial=zrRXQNzllX2hozqxWf2Nng%3d%3d&rt=0&let=19&ct=0&ft=-1 | W24: ANNUAL_REPORT_PLUS_TYPE19 | Turnover=G/H | X24: گزارش سالانه ۱۴۰۴ به دلیل اطلاعات پس از Cutoff مبنا نشد
A25: ومعادن | B25: 2 | C25: 5 | D25: 2 | E25: 4 | F25: 1 | G25: 5 | H25: 2 | I25: 5 | J25: 3 | K25: =IF(AND(ISNUMBER(B25),ISNUMBER(C25),C25>0),B25/C25,"") -> 0.4 | L25: =IF(AND(ISNUMBER(B25),ISNUMBER(C25),ISNUMBER(J25)),IF(J25=C25-B25,"OK","FAIL"),"N/A") -> OK | M25: =IF(AND(ISNUMBER(D25),ISNUMBER(B25)),IF(D25<=B25,"OK","FAIL"),"N/A") -> OK | N25: =IF(AND(ISNUMBER(E25),ISNUMBER(F25),ISNUMBER(G25)),IF(E25=G25-F25,"OK","FAIL"),"N/A") -> OK | O25: =IF(AND(ISNUMBER(H25),ISNUMBER(B25)),IF(H25>=B25,"OK","FAIL"),"N/A") -> OK | P25: 2 | Q25: 5 | R25: =IF(AND(ISNUMBER(P25),ISNUMBER(Q25),Q25>0),P25/Q25,"") -> 0.4 | S25: HIGH | T25: VERIFIED_WITH_LIMITATION | U25: SRC_VMDN_1404_002 | گزارش فعالیت هیئت مدیره | ۱۴۰۳ | ۴۰ | Snapshot مبنا برای ۱۴۰۳ SRC_VMDN_1404_001 | گزارش فعالیت هیئت مدیره | ۱۴۰۴ | ۴۳ | Snapshot سال ۱۴۰۴ SRC_VMDN_1404_004 | افشای نوع ۱۹ | ۱۴۰۴ | ۱ | تایید تغییر نماینده فولاد سنگ SRC_VMDN_1404_003 | افشای نوع ۱۹ | ۱۴۰۴ | ۱ | تایید تغییر نماینده فولاد مبارکه و ریاست | V25: https://www.codal.ir/Reports/Attachment.aspx?LetterSerial=AcoEbrF1YWBxnIP9D2INbA%3d%3d https://www.codal.ir/Reports/Attachment.aspx?LetterSerial=bRnwYafN0uOG5s7eZOOObOOObCPw%3d%3d https://www.codal.ir/Reports/Decision.aspx?LetterSerial=GYYJgW0mQQQaQQQdbvnpR6QLaHlA%3d%3d&rt=2&let=19&ct=0&ft=-1 https://www.codal.ir/Reports/Decision.aspx?LetterSerial=AHwQQQaQQQkHcUkc0pfBa2dXOOObOOOE3Q%3d%3d&rt=2&let=19&ct=0&ft=-1 | W25: DIRECT_REPORT_PLUS_TYPE19 | Turnover=G/H | X25: تغییرات با افشای نوع ۱۹ کنترل شد
